{
  "Version": 3,
  "Meta": {
    "Duration": 12.0,
    "Fps": 30.0,
    "Loop": true,
    "AreBeziersRestricted": true,
    "CurveCount": 91,
    "TotalSegmentCount": 666,
    "TotalPointCount": 1929,
    "UserDataCount": 0,
    "TotalUserDataSize": 0
  },
  "Curves": [
    {
      "Target": "Parameter",
      "Id": "ParamAngleX",
      "Segments": [
        0,
        -1.55,
        1,
        0.367,
        -1.55,
        0.733,
        -6.616,
        1.1,
        -6.616,
        1,
        1.233,
        -6.616,
        1.367,
        -6.942,
        1.5,
        -4.827,
        1,
        1.744,
        -0.949,
        1.989,
        13.049,
        2.233,
        16.579,
        1,
        2.444,
        19.627,
        2.656,
        19.54,
        2.867,
        19.54,
        1,
        3.134,
        19.54,
        3.4,
        19.537,
        3.667,
        15.499,
        1,
        3.934,
        11.461,
        4.2,
        -7.47,
        4.467,
        -10.939,
        1,
        4.856,
        -15.999,
        5.244,
        -16.416,
        5.633,
        -16.416,
        1,
        5.766,
        -16.416,
        5.9,
        -15.924,
        6.033,
        -13.041,
        1,
        6.266,
        -7.995,
        6.5,
        2.368,
        6.733,
        5.152,
        1,
        6.922,
        7.406,
        7.111,
        8.566,
        7.3,
        9.305,
        1,
        7.578,
        10.392,
        7.855,
        10.545,
        8.133,
        10.545,
        1,
        9.166,
        10.545,
        10.2,
        -7.107,
        11.233,
        -7.107,
        1,
        11.489,
        -7.107,
        11.744,
        -1.55,
        12,
        -1.55
      ]
    },
    {
      "Target": "Parameter",
      "Id": "ParamAngleY",
      "Segments": [
        0,
        -0.4,
        1,
        0.2,
        -0.4,
        0.4,
        -4.967,
        0.6,
        -4.967,
        1,
        1.122,
        -4.967,
        1.645,
        9.1,
        2.167,
        9.1,
        1,
        2.978,
        9.1,
        3.789,
        -11.7,
        4.6,
        -11.7,
        1,
        5.489,
        -11.7,
        6.378,
        11.619,
        7.267,
        11.619,
        1,
        8.122,
        11.619,
        8.978,
        -4.967,
        9.833,
        -4.967,
        1,
        10.555,
        -4.967,
        11.278,
        -0.4,
        12,
        -0.4
      ]
    },
    {
      "Target": "Parameter",
      "Id": "ParamNeckZ",
      "Segments": [
        0,
        0,
        2,
        3.367,
        0,
        1,
        4.056,
        0,
        4.744,
        -11.928,
        5.433,
        -11.928,
        1,
        5.922,
        -11.928,
        6.411,
        0,
        6.9,
        0,
        2,
        12,
        0
      ]
    },
    {
      "Target": "Parameter",
      "Id": "ParamEyeLOpen",
      "Segments": [
        0,
        1,
        2,
        1.667,
        1,
        1,
        1.722,
        1,
        1.778,
        0,
        1.833,
        0,
        1,
        1.9,
        0,
        1.966,
        1,
        2.033,
        1,
        2,
        3.867,
        1,
        1,
        3.956,
        1,
        4.044,
        0,
        4.133,
        0,
        1,
        4.2,
        0,
        4.266,
        0.8,
        4.333,
        0.8,
        1,
        4.844,
        0.8,
        5.356,
        0.7,
        5.867,
        0.7,
        1,
        6.156,
        0.7,
        6.444,
        1,
        6.733,
        1,
        2,
        8.633,
        1,
        1,
        8.7,
        1,
        8.766,
        0,
        8.833,
        0,
        1,
        8.889,
        0,
        8.944,
        1,
        9,
        1,
        2,
        10.533,
        1,
        1,
        10.611,
        1,
        10.689,
        0,
        10.767,
        0,
        1,
        10.822,
        0,
        10.878,
        1,
        10.933,
        1,
        2,
        12,
        1
      ]
    },
    {
      "Target": "Parameter",
      "Id": "ParamEyeROpen",
      "Segments": [
        0,
        1,
        2,
        1.667,
        1,
        1,
        1.722,
        1,
        1.778,
        0,
        1.833,
        0,
        1,
        1.9,
        0,
        1.966,
        1,
        2.033,
        1,
        2,
        3.867,
        1,
        1,
        3.956,
        1,
        4.044,
        0,
        4.133,
        0,
        1,
        4.2,
        0,
        4.266,
        0.8,
        4.333,
        0.8,
        1,
        4.844,
        0.8,
        5.356,
        0.7,
        5.867,
        0.7,
        1,
        6.156,
        0.7,
        6.444,
        1,
        6.733,
        1,
        2,
        8.633,
        1,
        1,
        8.7,
        1,
        8.766,
        0,
        8.833,
        0,
        1,
        8.889,
        0,
        8.944,
        1,
        9,
        1,
        2,
        10.533,
        1,
        1,
        10.611,
        1,
        10.689,
        0,
        10.767,
        0,
        1,
        10.822,
        0,
        10.878,
        1,
        10.933,
        1,
        2,
        12,
        1
      ]
    },
    {
      "Target": "Parameter",
      "Id": "ParamEyeBallX",
      "Segments": [
        0,
        -0.4,
        2,
        1.667,
        -0.4,
        1,
        1.722,
        -0.4,
        1.778,
        -0.035,
        1.833,
        0.074,
        1,
        1.9,
        0.204,
        1.966,
        0.2,
        2.033,
        0.2,
        2,
        3.867,
        0.2,
        1,
        3.922,
        0.2,
        3.978,
        -0.371,
        4.033,
        -0.584,
        1,
        4.111,
        -0.883,
        4.189,
        -0.9,
        4.267,
        -0.9,
        2,
        5.867,
        -0.9,
        1,
        6.145,
        -0.9,
        6.422,
        -0.95,
        6.7,
        -0.967,
        1,
        7.189,
        -0.997,
        7.678,
        -1,
        8.167,
        -1,
        1,
        9.189,
        -1,
        10.211,
        -0.4,
        11.233,
        -0.4,
        2,
        12,
        -0.4
      ]
    },
    {
      "Target": "Parameter",
      "Id": "ParamEyeBallY",
      "Segments": [
        0,
        0,
        2,
        3.867,
        0,
        1,
        4,
        0,
        4.134,
        -0.3,
        4.267,
        -0.3,
        2,
        5.867,
        -0.3,
        1,
        6.145,
        -0.3,
        6.422,
        -0.132,
        6.7,
        -0.069,
        1,
        6.889,
        -0.026,
        7.078,
        -0.028,
        7.267,
        0,
        1,
        8.122,
        0.127,
        8.978,
        0.2,
        9.833,
        0.2,
        1,
        10.555,
        0.2,
        11.278,
        0,
        12,
        0
      ]
    },
    {
      "Target": "Parameter",
      "Id": "ParamBrowLAngle",
      "Segments": [
        0,
        0,
        2,
        1.2,
        0,
        1,
        1.556,
        0,
        1.911,
        -0.4,
        2.267,
        -0.4,
        2,
        3.6,
        -0.4,
        1,
        3.933,
        -0.4,
        4.267,
        -0.5,
        4.6,
        -0.5,
        2,
        5.867,
        -0.5,
        1,
        6.145,
        -0.5,
        6.422,
        0,
        6.7,
        0,
        2,
        12,
        0
      ]
    },
    {
      "Target": "Parameter",
      "Id": "ParamBrowRAngle",
      "Segments": [
        0,
        0,
        2,
        1.2,
        0,
        1,
        1.556,
        0,
        1.911,
        -0.5,
        2.267,
        -0.5,
        2,
        3.6,
        -0.5,
        2,
        4.6,
        -0.5,
        2,
        5.867,
        -0.5,
        1,
        6.145,
        -0.5,
        6.422,
        0,
        6.7,
        0,
        2,
        12,
        0
      ]
    },
    {
      "Target": "Parameter",
      "Id": "ParamBrowLForm",
      "Segments": [
        0,
        0,
        2,
        1.2,
        0,
        2,
        3.6,
        0,
        1,
        3.933,
        0,
        4.267,
        -0.3,
        4.6,
        -0.3,
        2,
        5.867,
        -0.3,
        1,
        6.145,
        -0.3,
        6.422,
        0,
        6.7,
        0,
        2,
        7.267,
        0,
        1,
        8.122,
        0,
        8.978,
        0.6,
        9.833,
        0.6,
        1,
        10.555,
        0.6,
        11.278,
        0,
        12,
        0
      ]
    },
    {
      "Target": "Parameter",
      "Id": "ParamBrowRForm",
      "Segments": [
        0,
        0,
        2,
        1.2,
        0,
        2,
        3.6,
        0,
        1,
        3.933,
        0,
        4.267,
        -0.3,
        4.6,
        -0.3,
        2,
        5.867,
        -0.3,
        1,
        6.145,
        -0.3,
        6.422,
        0,
        6.7,
        0,
        2,
        7.267,
        0,
        1,
        8.122,
        0,
        8.978,
        0.6,
        9.833,
        0.6,
        1,
        10.555,
        0.6,
        11.278,
        0,
        12,
        0
      ]
    },
    {
      "Target": "Parameter",
      "Id": "ParamMouthForm",
      "Segments": [
        0,
        1,
        2,
        3.6,
        1,
        1,
        3.933,
        1,
        4.267,
        0.5,
        4.6,
        0.5,
        2,
        5.867,
        0.5,
        1,
        6.267,
        0.5,
        6.667,
        1,
        7.067,
        1,
        2,
        12,
        1
      ]
    },
    {
      "Target": "Parameter",
      "Id": "ParamZBBYB",
      "Segments": [
        0,
        0,
        2,
        1.2,
        0,
        1,
        1.556,
        0,
        1.911,
        0.5,
        2.267,
        0.5,
        2,
        3.7,
        0.5,
        1,
        4.022,
        0.5,
        4.345,
        0.8,
        4.667,
        0.8,
        2,
        5.767,
        0.8,
        1,
        6.089,
        0.8,
        6.411,
        0,
        6.733,
        0,
        2,
        12,
        0
      ]
    },
    {
      "Target": "Parameter",
      "Id": "ParamChestCX",
      "Segments": [
        0,
        6.84,
        1,
        0.5,
        6.84,
        1,
        10,
        1.5,
        10,
        1,
        2,
        10,
        2.5,
        6.84,
        3,
        6.84,
        1,
        3.5,
        6.84,
        4,
        10,
        4.5,
        10,
        1,
        5,
        10,
        5.5,
        6.84,
        6,
        6.84,
        1,
        6.5,
        6.84,
        7,
        10,
        7.5,
        10,
        1,
        8,
        10,
        8.5,
        6.84,
        9,
        6.84,
        1,
        9.5,
        6.84,
        10,
        10,
        10.5,
        10,
        1,
        11,
        10,
        11.5,
        6.84,
        12,
        6.84
      ]
    },
    {
      "Target": "Parameter",
      "Id": "ParamChestRAtu",
      "Segments": [
        0,
        -10,
        1,
        0.5,
        -10,
        1,
        -5,
        1.5,
        -5,
        1,
        2,
        -5,
        2.5,
        -10,
        3,
        -10,
        1,
        3.5,
        -10,
        4,
        -5,
        4.5,
        -5,
        1,
        5,
        -5,
        5.5,
        -10,
        6,
        -10,
        1,
        6.5,
        -10,
        7,
        -5,
        7.5,
        -5,
        1,
        8,
        -5,
        8.5,
        -10,
        9,
        -10,
        1,
        9.5,
        -10,
        10,
        -5,
        10.5,
        -5,
        1,
        11,
        -5,
        11.5,
        -10,
        12,
        -10
      ]
    },
    {
      "Target": "Parameter",
      "Id": "ParamChestLAtu",
      "Segments": [
        0,
        7,
        1,
        0.5,
        7,
        1,
        0,
        1.5,
        0,
        1,
        2,
        0,
        2.5,
        7,
        3,
        7,
        1,
        3.5,
        7,
        4,
        0,
        4.5,
        0,
        1,
        5,
        0,
        5.5,
        7,
        6,
        7,
        1,
        6.5,
        7,
        7,
        0,
        7.5,
        0,
        1,
        8,
        0,
        8.5,
        7,
        9,
        7,
        1,
        9.5,
        7,
        10,
        0,
        10.5,
        0,
        1,
        11,
        0,
        11.5,
        7,
        12,
        7
      ]
    },
    {
      "Target": "Parameter",
      "Id": "ParamHoleBodyOffsetX",
      "Segments": [
        0,
        -0.517,
        1,
        0.244,
        -0.02,
        0.489,
        0.467,
        0.733,
        0.467,
        1,
        1.233,
        0.467,
        1.733,
        -1.569,
        2.233,
        -1.569,
        1,
        2.733,
        -1.569,
        3.233,
        0.467,
        3.733,
        0.467,
        1,
        4.233,
        0.467,
        4.733,
        -1.569,
        5.233,
        -1.569,
        1,
        5.733,
        -1.569,
        6.233,
        0.467,
        6.733,
        0.467,
        1,
        7.233,
        0.467,
        7.733,
        -1.569,
        8.233,
        -1.569,
        1,
        8.733,
        -1.569,
        9.233,
        0.467,
        9.733,
        0.467,
        1,
        10.233,
        0.467,
        10.733,
        -1.569,
        11.233,
        -1.569,
        1,
        11.489,
        -1.569,
        11.744,
        -1.037,
        12,
        -0.517
      ]
    },
    {
      "Target": "Parameter",
      "Id": "ParamBodyDun",
      "Segments": [
        0,
        0,
        1,
        0.5,
        0,
        1,
        -10,
        1.5,
        -10,
        1,
        2,
        -10,
        2.5,
        0,
        3,
        0,
        1,
        3.5,
        0,
        4,
        -10,
        4.5,
        -10,
        1,
        5,
        -10,
        5.5,
        0,
        6,
        0,
        1,
        6.5,
        0,
        7,
        -10,
        7.5,
        -10,
        1,
        8,
        -10,
        8.5,
        0,
        9,
        0,
        1,
        9.5,
        0,
        10,
        -10,
        10.5,
        -10,
        1,
        11,
        -10,
        11.5,
        0,
        12,
        0
      ]
    },
    {
      "Target": "Parameter",
      "Id": "ParamBodyUpperMainAngelZ",
      "Segments": [
        0,
        -0.073,
        1,
        0.244,
        -1.355,
        0.489,
        -2.609,
        0.733,
        -2.609,
        1,
        1.233,
        -2.609,
        1.733,
        2.638,
        2.233,
        2.638,
        1,
        2.733,
        2.638,
        3.233,
        -2.609,
        3.733,
        -2.609,
        1,
        4.233,
        -2.609,
        4.733,
        2.638,
        5.233,
        2.638,
        1,
        5.733,
        2.638,
        6.233,
        -2.609,
        6.733,
        -2.609,
        1,
        7.233,
        -2.609,
        7.733,
        2.638,
        8.233,
        2.638,
        1,
        8.733,
        2.638,
        9.233,
        -2.609,
        9.733,
        -2.609,
        1,
        10.233,
        -2.609,
        10.733,
        2.638,
        11.233,
        2.638,
        1,
        11.489,
        2.638,
        11.744,
        1.267,
        12,
        -0.073
      ]
    },
    {
      "Target": "Parameter",
      "Id": "ParamBodyUpperMainZheng",
      "Segments": [
        0,
        6.84,
        1,
        0.5,
        6.84,
        1,
        10,
        1.5,
        10,
        1,
        2,
        10,
        2.5,
        6.84,
        3,
        6.84,
        1,
        3.5,
        6.84,
        4,
        10,
        4.5,
        10,
        1,
        5,
        10,
        5.5,
        6.84,
        6,
        6.84,
        1,
        6.5,
        6.84,
        7,
        10,
        7.5,
        10,
        1,
        8,
        10,
        8.5,
        6.84,
        9,
        6.84,
        1,
        9.5,
        6.84,
        10,
        10,
        10.5,
        10,
        1,
        11,
        10,
        11.5,
        6.84,
        12,
        6.84
      ]
    },
    {
      "Target": "Parameter",
      "Id": "ParamLegWalkR",
      "Segments": [
        0,
        52.943,
        1,
        0.233,
        51.277,
        0.467,
        50.733,
        0.7,
        50.733,
        1,
        1.233,
        50.733,
        1.767,
        57.713,
        2.3,
        57.713,
        1,
        2.811,
        57.713,
        3.322,
        50.202,
        3.833,
        50.202,
        1,
        4.322,
        50.202,
        4.811,
        57.736,
        5.3,
        57.736,
        1,
        5.789,
        57.736,
        6.278,
        50.684,
        6.767,
        50.684,
        1,
        7.267,
        50.684,
        7.767,
        57.796,
        8.267,
        57.796,
        1,
        8.767,
        57.796,
        9.267,
        50.741,
        9.767,
        50.741,
        1,
        10.222,
        50.741,
        10.678,
        57.627,
        11.133,
        57.627,
        1,
        11.422,
        57.627,
        11.711,
        55.212,
        12,
        52.943
      ]
    },
    {
      "Target": "Parameter",
      "Id": "ParamArmUpperRAngel",
      "Segments": [
        0,
        -0.455,
        1,
        0.244,
        -0.225,
        0.489,
        0,
        0.733,
        0,
        1,
        1.233,
        0,
        1.733,
        -0.941,
        2.233,
        -0.941,
        1,
        2.733,
        -0.941,
        3.233,
        0,
        3.733,
        0,
        1,
        4.233,
        0,
        4.733,
        -0.941,
        5.233,
        -0.941,
        1,
        5.733,
        -0.941,
        6.233,
        0,
        6.733,
        0,
        1,
        7.233,
        0,
        7.733,
        -0.941,
        8.233,
        -0.941,
        1,
        8.733,
        -0.941,
        9.233,
        0,
        9.733,
        0,
        1,
        10.233,
        0,
        10.733,
        -0.941,
        11.233,
        -0.941,
        1,
        11.489,
        -0.941,
        11.744,
        -0.695,
        12,
        -0.455
      ]
    },
    {
      "Target": "Parameter",
      "Id": "ParamArmForeRAngel",
      "Segments": [
        0,
        2.768,
        1,
        0.5,
        2.768,
        1,
        0,
        1.5,
        0,
        1,
        2,
        0,
        2.5,
        2.783,
        3,
        2.783,
        1,
        3.5,
        2.783,
        4,
        0,
        4.5,
        0,
        1,
        5,
        0,
        5.5,
        2.783,
        6,
        2.783,
        1,
        6.5,
        2.783,
        7,
        0,
        7.5,
        0,
        1,
        8,
        0,
        8.5,
        2.783,
        9,
        2.783,
        1,
        9.5,
        2.783,
        10,
        0,
        10.5,
        0,
        1,
        11,
        0,
        11.5,
        2.768,
        12,
        2.768
      ]
    },
    {
      "Target": "Parameter",
      "Id": "ParamHandRAngel",
      "Segments": [
        0,
        3.817,
        1,
        0.244,
        5.621,
        0.489,
        7.387,
        0.733,
        7.387,
        1,
        1.233,
        7.387,
        1.733,
        0,
        2.233,
        0,
        1,
        2.733,
        0,
        3.233,
        7.387,
        3.733,
        7.387,
        1,
        4.233,
        7.387,
        4.733,
        0,
        5.233,
        0,
        1,
        5.733,
        0,
        6.233,
        7.387,
        6.733,
        7.387,
        1,
        7.233,
        7.387,
        7.733,
        0,
        8.233,
        0,
        1,
        8.733,
        0,
        9.233,
        7.387,
        9.733,
        7.387,
        1,
        10.233,
        7.387,
        10.733,
        0,
        11.233,
        0,
        1,
        11.489,
        0,
        11.744,
        1.93,
        12,
        3.817
      ]
    },
    {
      "Target": "Parameter",
      "Id": "ParamArmUpperLAngel",
      "Segments": [
        0,
        -2.925,
        1,
        0.278,
        -1.549,
        0.555,
        0,
        0.833,
        0,
        1,
        1.333,
        0,
        1.833,
        -5.017,
        2.333,
        -5.017,
        1,
        2.833,
        -5.017,
        3.333,
        0,
        3.833,
        0,
        1,
        4.333,
        0,
        4.833,
        -5.017,
        5.333,
        -5.017,
        1,
        5.833,
        -5.017,
        6.333,
        0,
        6.833,
        0,
        1,
        7.333,
        0,
        7.833,
        -5.017,
        8.333,
        -5.017,
        1,
        8.833,
        -5.017,
        9.333,
        0,
        9.833,
        0,
        1,
        10.333,
        0,
        10.833,
        -5.017,
        11.333,
        -5.017,
        1,
        11.555,
        -5.017,
        11.778,
        -4.026,
        12,
        -2.925
      ]
    },
    {
      "Target": "Parameter",
      "Id": "ParamArmForeLAngel",
      "Segments": [
        0,
        1.79,
        1,
        0.033,
        1.782,
        0.067,
        1.778,
        0.1,
        1.778,
        1,
        0.6,
        1.778,
        1.1,
        2.677,
        1.6,
        2.677,
        1,
        2.1,
        2.677,
        2.6,
        1.778,
        3.1,
        1.778,
        1,
        3.6,
        1.778,
        4.1,
        2.677,
        4.6,
        2.677,
        1,
        5.1,
        2.677,
        5.6,
        1.778,
        6.1,
        1.778,
        1,
        6.6,
        1.778,
        7.1,
        2.677,
        7.6,
        2.677,
        1,
        8.1,
        2.677,
        8.6,
        1.778,
        9.1,
        1.778,
        1,
        9.6,
        1.778,
        10.1,
        2.677,
        10.6,
        2.677,
        1,
        11.067,
        2.677,
        11.533,
        1.894,
        12,
        1.79
      ]
    },
    {
      "Target": "Parameter",
      "Id": "ParamHandLAngel",
      "Segments": [
        0,
        -0.885,
        1,
        0.333,
        0.071,
        0.667,
        1.505,
        1,
        1.505,
        1,
        1.5,
        1.505,
        2,
        -1.722,
        2.5,
        -1.722,
        1,
        3,
        -1.722,
        3.5,
        1.505,
        4,
        1.505,
        1,
        4.5,
        1.505,
        5,
        -1.722,
        5.5,
        -1.722,
        1,
        6,
        -1.722,
        6.5,
        1.505,
        7,
        1.505,
        1,
        7.5,
        1.505,
        8,
        -1.722,
        8.5,
        -1.722,
        1,
        9,
        -1.722,
        9.5,
        1.505,
        10,
        1.505,
        1,
        10.5,
        1.505,
        11,
        -1.722,
        11.5,
        -1.722,
        1,
        11.667,
        -1.722,
        11.833,
        -1.363,
        12,
        -0.885
      ]
    },
    {
      "Target": "Parameter",
      "Id": "ParamFrontHairUp",
      "Segments": [
        0,
        0,
        1,
        0.133,
        0,
        0.267,
        0.69,
        0.4,
        0.69,
        1,
        0.567,
        0.69,
        0.733,
        0,
        0.9,
        0,
        1,
        1,
        0,
        1.1,
        0.088,
        1.2,
        0.088,
        1,
        1.367,
        0.088,
        1.533,
        0,
        1.7,
        0,
        1,
        1.867,
        0,
        2.033,
        0.127,
        2.2,
        0.213,
        1,
        2.3,
        0.264,
        2.4,
        0.237,
        2.5,
        0.305,
        1,
        2.733,
        0.465,
        2.967,
        0.811,
        3.2,
        0.811,
        1,
        3.722,
        0.811,
        4.245,
        0,
        4.767,
        0,
        1,
        5.311,
        0,
        5.856,
        0.664,
        6.4,
        0.664,
        1,
        6.511,
        0.664,
        6.622,
        0.627,
        6.733,
        0.577,
        1,
        6.778,
        0.557,
        6.822,
        0.566,
        6.867,
        0.532,
        1,
        7.278,
        0.225,
        7.689,
        0,
        8.1,
        0,
        1,
        8.478,
        0,
        8.855,
        0.345,
        9.233,
        0.345,
        1,
        9.766,
        0.345,
        10.3,
        0,
        10.833,
        0,
        1,
        11.022,
        0,
        11.211,
        0.076,
        11.4,
        0.076,
        1,
        11.6,
        0.076,
        11.8,
        0,
        12,
        0
      ]
    },
    {
      "Target": "Parameter",
      "Id": "ParamHairFront",
      "Segments": [
        0,
        0.194,
        1,
        0.033,
        0.249,
        0.067,
        0.253,
        0.1,
        0.253,
        1,
        0.211,
        0.253,
        0.322,
        0.199,
        0.433,
        0.131,
        1,
        0.678,
        -0.02,
        0.922,
        -0.08,
        1.167,
        -0.08,
        1,
        1.211,
        -0.08,
        1.256,
        -0.06,
        1.3,
        -0.06,
        1,
        1.467,
        -0.06,
        1.633,
        -0.639,
        1.8,
        -0.639,
        1,
        1.989,
        -0.639,
        2.178,
        0.442,
        2.367,
        0.442,
        1,
        2.511,
        0.442,
        2.656,
        -0.117,
        2.8,
        -0.117,
        1,
        3.211,
        -0.117,
        3.622,
        0.688,
        4.033,
        0.688,
        1,
        4.211,
        0.688,
        4.389,
        -0.544,
        4.567,
        -0.544,
        1,
        4.711,
        -0.544,
        4.856,
        0.24,
        5,
        0.24,
        1,
        5.133,
        0.24,
        5.267,
        -0.148,
        5.4,
        -0.148,
        1,
        5.511,
        -0.148,
        5.622,
        0.019,
        5.733,
        0.019,
        1,
        5.9,
        0.019,
        6.066,
        -0.564,
        6.233,
        -0.564,
        1,
        6.433,
        -0.564,
        6.633,
        0.318,
        6.833,
        0.318,
        1,
        6.966,
        0.318,
        7.1,
        -0.136,
        7.233,
        -0.136,
        1,
        7.378,
        -0.136,
        7.522,
        0.122,
        7.667,
        0.122,
        1,
        7.811,
        0.122,
        7.956,
        -0.253,
        8.1,
        -0.253,
        1,
        8.267,
        -0.253,
        8.433,
        0.151,
        8.6,
        0.151,
        1,
        8.733,
        0.151,
        8.867,
        0.002,
        9,
        0.002,
        1,
        9.133,
        0.002,
        9.267,
        0.083,
        9.4,
        0.083,
        1,
        9.611,
        0.083,
        9.822,
        -0.01,
        10.033,
        -0.01,
        1,
        10.1,
        -0.01,
        10.166,
        0,
        10.233,
        0,
        1,
        10.689,
        0,
        11.144,
        -0.234,
        11.6,
        -0.234,
        1,
        11.733,
        -0.234,
        11.867,
        -0.038,
        12,
        0.194
      ]
    },
    {
      "Target": "Parameter",
      "Id": "ParamMimiYure",
      "Segments": [
        0,
        0.061,
        1,
        0.078,
        0.061,
        0.155,
        0.105,
        0.233,
        0.105,
        1,
        0.522,
        0.105,
        0.811,
        -0.099,
        1.1,
        -0.099,
        1,
        1.167,
        -0.099,
        1.233,
        -0.004,
        1.3,
        -0.004,
        1,
        1.422,
        -0.004,
        1.545,
        -0.353,
        1.667,
        -0.353,
        1,
        1.878,
        -0.353,
        2.089,
        0.491,
        2.3,
        0.491,
        1,
        2.4,
        0.491,
        2.5,
        0.186,
        2.6,
        0.186,
        1,
        2.644,
        0.186,
        2.689,
        0.207,
        2.733,
        0.207,
        1,
        2.855,
        0.207,
        2.978,
        0.043,
        3.1,
        0.043,
        1,
        3.167,
        0.043,
        3.233,
        0.066,
        3.3,
        0.066,
        1,
        3.356,
        0.066,
        3.411,
        0.056,
        3.467,
        0.056,
        1,
        3.622,
        0.056,
        3.778,
        0.509,
        3.933,
        0.509,
        1,
        4.133,
        0.509,
        4.333,
        -0.238,
        4.533,
        -0.238,
        1,
        4.622,
        -0.238,
        4.711,
        0.297,
        4.8,
        0.297,
        1,
        4.878,
        0.297,
        4.955,
        0.148,
        5.033,
        0.148,
        1,
        5.122,
        0.148,
        5.211,
        0.247,
        5.3,
        0.247,
        1,
        5.578,
        0.247,
        5.855,
        -0.357,
        6.133,
        -0.357,
        1,
        6.355,
        -0.357,
        6.578,
        0.117,
        6.8,
        0.117,
        1,
        6.878,
        0.117,
        6.955,
        -0.117,
        7.033,
        -0.117,
        1,
        7.489,
        -0.117,
        7.944,
        0.284,
        8.4,
        0.284,
        1,
        8.856,
        0.284,
        9.311,
        -0.041,
        9.767,
        -0.041,
        1,
        10.234,
        -0.041,
        10.7,
        0.213,
        11.167,
        0.213,
        1,
        11.278,
        0.213,
        11.389,
        0.01,
        11.5,
        0.01,
        1,
        11.667,
        0.01,
        11.833,
        0.023,
        12,
        0.061
      ]
    },
    {
      "Target": "Parameter",
      "Id": "ParamMimiYure2",
      "Segments": [
        0,
        -0.022,
        1,
        0.1,
        -0.022,
        0.2,
        -0.01,
        0.3,
        -0.01,
        1,
        0.489,
        -0.01,
        0.678,
        -0.112,
        0.867,
        -0.112,
        1,
        1.034,
        -0.112,
        1.2,
        -0.051,
        1.367,
        -0.051,
        1,
        1.5,
        -0.051,
        1.634,
        -0.254,
        1.767,
        -0.254,
        1,
        1.956,
        -0.254,
        2.144,
        0.302,
        2.333,
        0.302,
        1,
        2.5,
        0.302,
        2.666,
        -0.012,
        2.833,
        -0.012,
        1,
        2.9,
        -0.012,
        2.966,
        0.001,
        3.033,
        0.001,
        1,
        3.178,
        0.001,
        3.322,
        -0.032,
        3.467,
        -0.032,
        1,
        3.656,
        -0.032,
        3.844,
        0.256,
        4.033,
        0.256,
        1,
        4.2,
        0.256,
        4.366,
        -0.231,
        4.533,
        -0.231,
        1,
        4.678,
        -0.231,
        4.822,
        0.199,
        4.967,
        0.199,
        1,
        5.1,
        0.199,
        5.234,
        0.033,
        5.367,
        0.033,
        1,
        5.467,
        0.033,
        5.567,
        0.073,
        5.667,
        0.073,
        1,
        5.856,
        0.073,
        6.044,
        -0.321,
        6.233,
        -0.321,
        1,
        6.433,
        -0.321,
        6.633,
        0.03,
        6.833,
        0.03,
        1,
        6.944,
        0.03,
        7.056,
        -0.106,
        7.167,
        -0.106,
        1,
        7.578,
        -0.106,
        7.989,
        0.127,
        8.4,
        0.127,
        1,
        8.844,
        0.127,
        9.289,
        -0.08,
        9.733,
        -0.08,
        1,
        10.2,
        -0.08,
        10.666,
        0.091,
        11.133,
        0.091,
        1,
        11.3,
        0.091,
        11.466,
        -0.048,
        11.633,
        -0.048,
        1,
        11.755,
        -0.048,
        11.878,
        -0.022,
        12,
        -0.022
      ]
    },
    {
      "Target": "Parameter",
      "Id": "ParamRBeltFT",
      "Segments": [
        0,
        -6.4,
        1,
        0.578,
        -6.4,
        1.155,
        0,
        1.733,
        0,
        1,
        2.266,
        0,
        2.8,
        -6.6,
        3.333,
        -6.6,
        1,
        3.866,
        -6.6,
        4.4,
        0,
        4.933,
        0,
        1,
        5.455,
        0,
        5.978,
        -6.61,
        6.5,
        -6.61,
        1,
        6.956,
        -6.61,
        7.411,
        0,
        7.867,
        0,
        1,
        8.367,
        0,
        8.867,
        -7.601,
        9.367,
        -7.601,
        1,
        9.811,
        -7.601,
        10.256,
        0,
        10.7,
        0,
        1,
        11.133,
        0,
        11.567,
        -6.4,
        12,
        -6.4
      ]
    },
    {
      "Target": "Parameter",
      "Id": "Param_Angle_Rotation80",
      "Segments": [
        0,
        0.373,
        1,
        0.311,
        1.428,
        0.622,
        2,
        0.933,
        2,
        1,
        1.444,
        2,
        1.956,
        -1,
        2.467,
        -1,
        1,
        3,
        -1,
        3.534,
        1.226,
        4.067,
        1.226,
        1,
        4.5,
        1.226,
        4.934,
        -0.798,
        5.367,
        -0.798,
        1,
        5.656,
        -0.798,
        5.944,
        0.143,
        6.233,
        1.06,
        1,
        6.489,
        1.87,
        6.744,
        2,
        7,
        2,
        1,
        7.478,
        2,
        7.955,
        -0.988,
        8.433,
        -0.988,
        1,
        8.989,
        -0.988,
        9.544,
        2.024,
        10.1,
        2.024,
        1,
        10.522,
        2.024,
        10.945,
        -1,
        11.367,
        -1,
        1,
        11.578,
        -1,
        11.789,
        -0.285,
        12,
        0.373
      ]
    },
    {
      "Target": "Parameter",
      "Id": "Param_Angle_Rotation77",
      "Segments": [
        0,
        -0.534,
        1,
        0.378,
        1.561,
        0.755,
        3,
        1.133,
        3,
        1,
        1.666,
        3,
        2.2,
        -2,
        2.733,
        -2,
        1,
        3.244,
        -2,
        3.756,
        3,
        4.267,
        3,
        1,
        4.756,
        3,
        5.244,
        -2,
        5.733,
        -2,
        1,
        6.222,
        -2,
        6.711,
        3,
        7.2,
        3,
        1,
        7.7,
        3,
        8.2,
        -2,
        8.7,
        -2,
        1,
        9.2,
        -2,
        9.7,
        3,
        10.2,
        3,
        1,
        10.656,
        3,
        11.111,
        -2,
        11.567,
        -2,
        1,
        11.711,
        -2,
        11.856,
        -1.309,
        12,
        -0.534
      ]
    },
    {
      "Target": "Parameter",
      "Id": "Param_Angle_Rotation78",
      "Segments": [
        0,
        -1.793,
        1,
        0.433,
        1.447,
        0.867,
        4,
        1.3,
        4,
        1,
        1.833,
        4,
        2.367,
        -3,
        2.9,
        -3,
        1,
        3.411,
        -3,
        3.922,
        4,
        4.433,
        4,
        1,
        4.922,
        4,
        5.411,
        -3,
        5.9,
        -3,
        1,
        6.389,
        -3,
        6.878,
        4,
        7.367,
        4,
        1,
        7.867,
        4,
        8.367,
        -3,
        8.867,
        -3,
        1,
        9.367,
        -3,
        9.867,
        4,
        10.367,
        4,
        1,
        10.822,
        4,
        11.278,
        -3,
        11.733,
        -3,
        1,
        11.822,
        -3,
        11.911,
        -2.468,
        12,
        -1.793
      ]
    },
    {
      "Target": "Parameter",
      "Id": "Param_Angle_Rotation79",
      "Segments": [
        0,
        -6.925,
        1,
        0.489,
        -0.069,
        0.978,
        6,
        1.467,
        6,
        1,
        2,
        6,
        2.534,
        -8,
        3.067,
        -8,
        1,
        3.578,
        -8,
        4.089,
        6,
        4.6,
        6,
        1,
        4.889,
        6,
        5.178,
        -1.238,
        5.467,
        -5.356,
        1,
        5.667,
        -8.206,
        5.867,
        -8,
        6.067,
        -8,
        1,
        6.234,
        -8,
        6.4,
        -7.275,
        6.567,
        -5.049,
        1,
        6.7,
        -3.268,
        6.834,
        -0.098,
        6.967,
        1.364,
        1,
        7.167,
        3.558,
        7.367,
        4.093,
        7.567,
        4.093,
        1,
        7.734,
        4.093,
        7.9,
        3.696,
        8.067,
        1.023,
        1,
        8.378,
        -3.966,
        8.689,
        -7.982,
        9,
        -7.982,
        1,
        9.489,
        -7.982,
        9.978,
        7.095,
        10.467,
        7.095,
        1,
        10.922,
        7.095,
        11.378,
        -7.982,
        11.833,
        -7.982,
        1,
        11.889,
        -7.982,
        11.944,
        -7.741,
        12,
        -6.925
      ]
    },
    {
      "Target": "Parameter",
      "Id": "Param_Angle_Rotation81",
      "Segments": [
        0,
        -0.036,
        1,
        0.078,
        0.092,
        0.155,
        0.164,
        0.233,
        0.164,
        1,
        0.378,
        0.164,
        0.522,
        -0.124,
        0.667,
        -0.124,
        1,
        0.8,
        -0.124,
        0.934,
        0.1,
        1.067,
        0.1,
        1,
        1.289,
        0.1,
        1.511,
        -0.07,
        1.733,
        -0.07,
        1,
        1.866,
        -0.07,
        2,
        0.089,
        2.133,
        0.089,
        1,
        2.278,
        0.089,
        2.422,
        -0.071,
        2.567,
        -0.071,
        1,
        2.789,
        -0.071,
        3.011,
        0.068,
        3.233,
        0.068,
        1,
        3.389,
        0.068,
        3.544,
        -0.067,
        3.7,
        -0.067,
        1,
        3.844,
        -0.067,
        3.989,
        0.067,
        4.133,
        0.067,
        1,
        4.322,
        0.067,
        4.511,
        -0.067,
        4.7,
        -0.067,
        1,
        4.844,
        -0.067,
        4.989,
        0.083,
        5.133,
        0.083,
        1,
        5.278,
        0.083,
        5.422,
        -0.069,
        5.567,
        -0.069,
        1,
        5.789,
        -0.069,
        6.011,
        0.068,
        6.233,
        0.068,
        1,
        6.366,
        0.068,
        6.5,
        -0.09,
        6.633,
        -0.09,
        1,
        6.778,
        -0.09,
        6.922,
        0.071,
        7.067,
        0.071,
        1,
        7.289,
        0.071,
        7.511,
        -0.068,
        7.733,
        -0.068,
        1,
        7.889,
        -0.068,
        8.044,
        0.067,
        8.2,
        0.067,
        1,
        8.344,
        0.067,
        8.489,
        -0.067,
        8.633,
        -0.067,
        1,
        8.822,
        -0.067,
        9.011,
        0.067,
        9.2,
        0.067,
        1,
        9.344,
        0.067,
        9.489,
        -0.084,
        9.633,
        -0.084,
        1,
        9.778,
        -0.084,
        9.922,
        0.069,
        10.067,
        0.069,
        1,
        10.289,
        0.069,
        10.511,
        -0.068,
        10.733,
        -0.068,
        1,
        10.866,
        -0.068,
        11,
        0.09,
        11.133,
        0.09,
        1,
        11.378,
        0.09,
        11.622,
        -0.067,
        11.867,
        -0.067,
        1,
        11.911,
        -0.067,
        11.956,
        -0.066,
        12,
        -0.036
      ]
    },
    {
      "Target": "Parameter",
      "Id": "Param_Angle_Rotation82",
      "Segments": [
        0,
        -0.197,
        1,
        0.156,
        -0.197,
        0.311,
        1.512,
        0.467,
        1.512,
        1,
        0.611,
        1.512,
        0.756,
        -2.88,
        0.9,
        -2.88,
        1,
        1.022,
        -2.88,
        1.145,
        0.537,
        1.267,
        0.537,
        1,
        1.5,
        0.537,
        1.734,
        -2.184,
        1.967,
        -2.184,
        1,
        2.1,
        -2.184,
        2.234,
        0.945,
        2.367,
        0.945,
        1,
        2.5,
        0.945,
        2.634,
        -1.424,
        2.767,
        -1.424,
        1,
        2.8,
        -1.424,
        2.834,
        -1.261,
        2.867,
        -1.261,
        1,
        2.911,
        -1.261,
        2.956,
        -1.412,
        3,
        -1.412,
        1,
        3.122,
        -1.412,
        3.245,
        0.043,
        3.367,
        0.043,
        1,
        3.4,
        0.043,
        3.434,
        -0.134,
        3.467,
        -0.134,
        1,
        3.5,
        -0.134,
        3.534,
        -0.018,
        3.567,
        -0.018,
        1,
        3.678,
        -0.018,
        3.789,
        -1.534,
        3.9,
        -1.534,
        1,
        4.078,
        -1.534,
        4.255,
        0.494,
        4.433,
        0.494,
        1,
        4.611,
        0.494,
        4.789,
        -2.014,
        4.967,
        -2.014,
        1,
        5.1,
        -2.014,
        5.234,
        0.847,
        5.367,
        0.847,
        1,
        5.5,
        0.847,
        5.634,
        -1.386,
        5.767,
        -1.386,
        1,
        5.8,
        -1.386,
        5.834,
        -1.348,
        5.867,
        -1.348,
        1,
        5.9,
        -1.348,
        5.934,
        -1.473,
        5.967,
        -1.473,
        1,
        6.134,
        -1.473,
        6.3,
        0.975,
        6.467,
        0.975,
        1,
        6.6,
        0.975,
        6.734,
        -2.293,
        6.867,
        -2.293,
        1,
        7,
        -2.293,
        7.134,
        0.162,
        7.267,
        0.162,
        1,
        7.3,
        0.162,
        7.334,
        -0.05,
        7.367,
        -0.05,
        1,
        7.411,
        -0.05,
        7.456,
        0.121,
        7.5,
        0.121,
        1,
        7.622,
        0.121,
        7.745,
        -1.316,
        7.867,
        -1.316,
        1,
        7.9,
        -1.316,
        7.934,
        -1.171,
        7.967,
        -1.171,
        1,
        8,
        -1.171,
        8.034,
        -1.276,
        8.067,
        -1.276,
        1,
        8.178,
        -1.276,
        8.289,
        0.271,
        8.4,
        0.271,
        1,
        8.578,
        0.271,
        8.755,
        -1.755,
        8.933,
        -1.755,
        1,
        9.111,
        -1.755,
        9.289,
        0.75,
        9.467,
        0.75,
        1,
        9.6,
        0.75,
        9.734,
        -2.137,
        9.867,
        -2.137,
        1,
        10,
        -2.137,
        10.134,
        0.11,
        10.267,
        0.11,
        1,
        10.3,
        0.11,
        10.334,
        0.062,
        10.367,
        0.062,
        1,
        10.4,
        0.062,
        10.434,
        0.188,
        10.467,
        0.188,
        1,
        10.634,
        0.188,
        10.8,
        -2.259,
        10.967,
        -2.259,
        1,
        11.1,
        -2.259,
        11.234,
        1.018,
        11.367,
        1.018,
        1,
        11.578,
        1.018,
        11.789,
        -0.197,
        12,
        -0.197
      ]
    },
    {
      "Target": "Parameter",
      "Id": "Param_Angle_Rotation84",
      "Segments": [
        0,
        -0.515,
        1,
        0.4,
        0.362,
        0.8,
        1,
        1.2,
        1,
        1,
        1.733,
        1,
        2.267,
        -1,
        2.8,
        -1,
        1,
        3.311,
        -1,
        3.822,
        1,
        4.333,
        1,
        1,
        4.822,
        1,
        5.311,
        -1,
        5.8,
        -1,
        1,
        6.289,
        -1,
        6.778,
        1,
        7.267,
        1,
        1,
        7.767,
        1,
        8.267,
        -1,
        8.767,
        -1,
        1,
        9.267,
        -1,
        9.767,
        1,
        10.267,
        1,
        1,
        10.722,
        1,
        11.178,
        -1,
        11.633,
        -1,
        1,
        11.755,
        -1,
        11.878,
        -0.779,
        12,
        -0.515
      ]
    },
    {
      "Target": "Parameter",
      "Id": "Param_Angle_Rotation85",
      "Segments": [
        0,
        -1.477,
        1,
        0.456,
        0.431,
        0.911,
        2,
        1.367,
        2,
        1,
        1.9,
        2,
        2.434,
        -2,
        2.967,
        -2,
        1,
        3.478,
        -2,
        3.989,
        2,
        4.5,
        2,
        1,
        4.989,
        2,
        5.478,
        -2,
        5.967,
        -2,
        1,
        6.456,
        -2,
        6.944,
        2,
        7.433,
        2,
        1,
        7.933,
        2,
        8.433,
        -2,
        8.933,
        -2,
        1,
        9.433,
        -2,
        9.933,
        2,
        10.433,
        2,
        1,
        10.889,
        2,
        11.344,
        -2,
        11.8,
        -2,
        1,
        11.867,
        -2,
        11.933,
        -1.767,
        12,
        -1.477
      ]
    },
    {
      "Target": "Parameter",
      "Id": "Param_Angle_Rotation86",
      "Segments": [
        0,
        -2.714,
        1,
        0.511,
        0.282,
        1.022,
        3,
        1.533,
        3,
        1,
        2.066,
        3,
        2.6,
        -3,
        3.133,
        -3,
        1,
        3.644,
        -3,
        4.156,
        3,
        4.667,
        3,
        1,
        5.156,
        3,
        5.644,
        -3,
        6.133,
        -3,
        1,
        6.622,
        -3,
        7.111,
        3,
        7.6,
        3,
        1,
        8.1,
        3,
        8.6,
        -3,
        9.1,
        -3,
        1,
        9.6,
        -3,
        10.1,
        3,
        10.6,
        3,
        1,
        11.056,
        3,
        11.511,
        -2.717,
        11.967,
        -2.717,
        1,
        11.978,
        -2.717,
        11.989,
        -2.757,
        12,
        -2.714
      ]
    },
    {
      "Target": "Parameter",
      "Id": "Param_Angle_Rotation87",
      "Segments": [
        0,
        -3.967,
        1,
        0.567,
        0.041,
        1.133,
        4,
        1.7,
        4,
        1,
        1.911,
        4,
        2.122,
        3.393,
        2.333,
        1.612,
        1,
        2.422,
        0.863,
        2.511,
        -0.774,
        2.6,
        -1.535,
        1,
        2.8,
        -3.247,
        3,
        -3.827,
        3.2,
        -3.827,
        1,
        3.544,
        -3.827,
        3.889,
        -1.568,
        4.233,
        1.068,
        1,
        4.433,
        2.599,
        4.633,
        2.798,
        4.833,
        2.798,
        1,
        5.289,
        2.798,
        5.744,
        -4.002,
        6.2,
        -4.002,
        1,
        6.5,
        -4.002,
        6.8,
        -1.843,
        7.1,
        1.302,
        1,
        7.3,
        3.398,
        7.5,
        4.002,
        7.7,
        4.002,
        1,
        8.033,
        4.002,
        8.367,
        0.35,
        8.7,
        -2.487,
        1,
        8.889,
        -4.095,
        9.078,
        -4,
        9.267,
        -4,
        1,
        9.556,
        -4,
        9.844,
        -0.549,
        10.133,
        2.06,
        1,
        10.344,
        3.966,
        10.556,
        4,
        10.767,
        4,
        1,
        10.956,
        4,
        11.144,
        2.631,
        11.333,
        0.194,
        1,
        11.555,
        -2.673,
        11.778,
        -3.967,
        12,
        -3.967
      ]
    },
    {
      "Target": "Parameter",
      "Id": "Param_Angle_Rotation89",
      "Segments": [
        0,
        -0.035,
        1,
        0.078,
        0.06,
        0.155,
        0.164,
        0.233,
        0.164,
        1,
        0.378,
        0.164,
        0.522,
        -0.124,
        0.667,
        -0.124,
        1,
        0.8,
        -0.124,
        0.934,
        0.1,
        1.067,
        0.1,
        1,
        1.289,
        0.1,
        1.511,
        -0.07,
        1.733,
        -0.07,
        1,
        1.866,
        -0.07,
        2,
        0.089,
        2.133,
        0.089,
        1,
        2.278,
        0.089,
        2.422,
        -0.071,
        2.567,
        -0.071,
        1,
        2.789,
        -0.071,
        3.011,
        0.068,
        3.233,
        0.068,
        1,
        3.389,
        0.068,
        3.544,
        -0.067,
        3.7,
        -0.067,
        1,
        3.844,
        -0.067,
        3.989,
        0.066,
        4.133,
        0.066,
        1,
        4.322,
        0.066,
        4.511,
        -0.067,
        4.7,
        -0.067,
        1,
        4.844,
        -0.067,
        4.989,
        0.083,
        5.133,
        0.083,
        1,
        5.278,
        0.083,
        5.422,
        -0.069,
        5.567,
        -0.069,
        1,
        5.789,
        -0.069,
        6.011,
        0.067,
        6.233,
        0.067,
        1,
        6.366,
        0.067,
        6.5,
        -0.09,
        6.633,
        -0.09,
        1,
        6.778,
        -0.09,
        6.922,
        0.071,
        7.067,
        0.071,
        1,
        7.289,
        0.071,
        7.511,
        -0.068,
        7.733,
        -0.068,
        1,
        7.889,
        -0.068,
        8.044,
        0.067,
        8.2,
        0.067,
        1,
        8.344,
        0.067,
        8.489,
        -0.066,
        8.633,
        -0.066,
        1,
        8.822,
        -0.066,
        9.011,
        0.067,
        9.2,
        0.067,
        1,
        9.344,
        0.067,
        9.489,
        -0.084,
        9.633,
        -0.084,
        1,
        9.778,
        -0.084,
        9.922,
        0.069,
        10.067,
        0.069,
        1,
        10.289,
        0.069,
        10.511,
        -0.067,
        10.733,
        -0.067,
        1,
        10.866,
        -0.067,
        11,
        0.09,
        11.133,
        0.09,
        1,
        11.278,
        0.09,
        11.422,
        -0.071,
        11.567,
        -0.071,
        1,
        11.711,
        -0.071,
        11.856,
        -0.012,
        12,
        0.029
      ]
    },
    {
      "Target": "Parameter",
      "Id": "Param_Angle_Rotation90",
      "Segments": [
        0,
        -0.188,
        1,
        0.011,
        -0.193,
        0.022,
        -0.196,
        0.033,
        -0.196,
        1,
        0.178,
        -0.196,
        0.322,
        0.146,
        0.467,
        0.146,
        1,
        0.611,
        0.146,
        0.756,
        -0.151,
        0.9,
        -0.151,
        1,
        1.022,
        -0.151,
        1.145,
        0.08,
        1.267,
        0.08,
        1,
        1.5,
        0.08,
        1.734,
        -0.105,
        1.967,
        -0.105,
        1,
        2.1,
        -0.105,
        2.234,
        0.107,
        2.367,
        0.107,
        1,
        2.5,
        0.107,
        2.634,
        -0.053,
        2.767,
        -0.053,
        1,
        2.8,
        -0.053,
        2.834,
        -0.042,
        2.867,
        -0.042,
        1,
        2.911,
        -0.042,
        2.956,
        -0.052,
        3,
        -0.052,
        1,
        3.122,
        -0.052,
        3.245,
        0.046,
        3.367,
        0.046,
        1,
        3.4,
        0.046,
        3.434,
        0.034,
        3.467,
        0.034,
        1,
        3.5,
        0.034,
        3.534,
        0.042,
        3.567,
        0.042,
        1,
        3.678,
        0.042,
        3.789,
        -0.061,
        3.9,
        -0.061,
        1,
        4.078,
        -0.061,
        4.255,
        0.077,
        4.433,
        0.077,
        1,
        4.611,
        0.077,
        4.789,
        -0.093,
        4.967,
        -0.093,
        1,
        5.1,
        -0.093,
        5.234,
        0.101,
        5.367,
        0.101,
        1,
        5.5,
        0.101,
        5.634,
        -0.051,
        5.767,
        -0.051,
        1,
        5.8,
        -0.051,
        5.834,
        -0.048,
        5.867,
        -0.048,
        1,
        5.9,
        -0.048,
        5.934,
        -0.056,
        5.967,
        -0.056,
        1,
        6.134,
        -0.056,
        6.3,
        0.109,
        6.467,
        0.109,
        1,
        6.6,
        0.109,
        6.734,
        -0.112,
        6.867,
        -0.112,
        1,
        7,
        -0.112,
        7.134,
        0.054,
        7.267,
        0.054,
        1,
        7.3,
        0.054,
        7.334,
        0.04,
        7.367,
        0.04,
        1,
        7.411,
        0.04,
        7.456,
        0.052,
        7.5,
        0.052,
        1,
        7.622,
        0.052,
        7.745,
        -0.046,
        7.867,
        -0.046,
        1,
        7.9,
        -0.046,
        7.934,
        -0.036,
        7.967,
        -0.036,
        1,
        8,
        -0.036,
        8.034,
        -0.043,
        8.067,
        -0.043,
        1,
        8.178,
        -0.043,
        8.289,
        0.062,
        8.4,
        0.062,
        1,
        8.578,
        0.062,
        8.755,
        -0.076,
        8.933,
        -0.076,
        1,
        9.111,
        -0.076,
        9.289,
        0.094,
        9.467,
        0.094,
        1,
        9.6,
        0.094,
        9.734,
        -0.101,
        9.867,
        -0.101,
        1,
        10,
        -0.101,
        10.134,
        0.051,
        10.267,
        0.051,
        1,
        10.3,
        0.051,
        10.334,
        0.047,
        10.367,
        0.047,
        1,
        10.4,
        0.047,
        10.434,
        0.056,
        10.467,
        0.056,
        1,
        10.634,
        0.056,
        10.8,
        -0.11,
        10.967,
        -0.11,
        1,
        11.1,
        -0.11,
        11.234,
        0.112,
        11.367,
        0.112,
        1,
        11.5,
        0.112,
        11.634,
        -0.054,
        11.767,
        -0.054,
        1,
        11.8,
        -0.054,
        11.834,
        -0.04,
        11.867,
        -0.04,
        1,
        11.911,
        -0.04,
        11.956,
        -0.051,
        12,
        -0.051
      ]
    },
    {
      "Target": "Parameter",
      "Id": "ParamInnerLR",
      "Segments": [
        0,
        -7.189,
        1,
        0.489,
        2.321,
        0.978,
        10,
        1.467,
        10,
        1,
        2.011,
        10,
        2.556,
        -9.223,
        3.1,
        -9.223,
        1,
        3.589,
        -9.223,
        4.078,
        10,
        4.567,
        10,
        1,
        5.056,
        10,
        5.544,
        -7.071,
        6.033,
        -7.071,
        1,
        6.544,
        -7.071,
        7.056,
        8.386,
        7.567,
        8.386,
        1,
        8.045,
        8.386,
        8.522,
        -10,
        9,
        -10,
        1,
        9.489,
        -10,
        9.978,
        10,
        10.467,
        10,
        1,
        10.922,
        10,
        11.378,
        -8.883,
        11.833,
        -8.883,
        1,
        11.889,
        -8.883,
        11.944,
        -8.313,
        12,
        -7.189
      ]
    },
    {
      "Target": "Parameter",
      "Id": "ParamSkirtYureLR",
      "Segments": [
        0,
        0.275,
        1,
        0.233,
        0.654,
        0.467,
        0.788,
        0.7,
        0.788,
        1,
        1.233,
        0.788,
        1.767,
        -0.657,
        2.3,
        -0.657,
        1,
        2.811,
        -0.657,
        3.322,
        0.788,
        3.833,
        0.788,
        1,
        4.322,
        0.788,
        4.811,
        -0.657,
        5.3,
        -0.657,
        1,
        5.789,
        -0.657,
        6.278,
        0.788,
        6.767,
        0.788,
        1,
        7.267,
        0.788,
        7.767,
        -0.657,
        8.267,
        -0.657,
        1,
        8.767,
        -0.657,
        9.267,
        0.788,
        9.767,
        0.788,
        1,
        10.222,
        0.788,
        10.678,
        -0.657,
        11.133,
        -0.657,
        1,
        11.422,
        -0.657,
        11.711,
        -0.128,
        12,
        0.275
      ]
    },
    {
      "Target": "Parameter",
      "Id": "Param_Angle_Rotation107",
      "Segments": [
        0,
        -0.092,
        1,
        0.367,
        1.032,
        0.733,
        2.502,
        1.1,
        2.502,
        1,
        1.611,
        2.502,
        2.122,
        -1.159,
        2.633,
        -1.159,
        1,
        3.166,
        -1.159,
        3.7,
        2.423,
        4.233,
        2.423,
        1,
        4.666,
        2.423,
        5.1,
        -1.106,
        5.533,
        -1.106,
        1,
        6.078,
        -1.106,
        6.622,
        2.46,
        7.167,
        2.46,
        1,
        7.645,
        2.46,
        8.122,
        -1.262,
        8.6,
        -1.262,
        1,
        9.156,
        -1.262,
        9.711,
        2.33,
        10.267,
        2.33,
        1,
        10.689,
        2.33,
        11.111,
        -1.287,
        11.533,
        -1.287,
        1,
        11.689,
        -1.287,
        11.844,
        -0.714,
        12,
        -0.092
      ]
    },
    {
      "Target": "Parameter",
      "Id": "Param_Angle_Rotation108",
      "Segments": [
        0,
        -2.042,
        1,
        0.433,
        0.6,
        0.867,
        2.681,
        1.3,
        2.681,
        1,
        1.833,
        2.681,
        2.367,
        -2.383,
        2.9,
        -2.383,
        1,
        3.411,
        -2.383,
        3.922,
        2.681,
        4.433,
        2.681,
        1,
        4.922,
        2.681,
        5.411,
        -2.317,
        5.9,
        -2.317,
        1,
        6.389,
        -2.317,
        6.878,
        2.466,
        7.367,
        2.466,
        1,
        7.867,
        2.466,
        8.367,
        -2.466,
        8.867,
        -2.466,
        1,
        9.367,
        -2.466,
        9.867,
        2.648,
        10.367,
        2.648,
        1,
        10.834,
        2.648,
        11.3,
        -2.416,
        11.767,
        -2.416,
        1,
        11.845,
        -2.416,
        11.922,
        -2.459,
        12,
        -2.042
      ]
    },
    {
      "Target": "Parameter",
      "Id": "Param_Angle_Rotation109",
      "Segments": [
        0,
        -3.43,
        1,
        0.489,
        0.36,
        0.978,
        3.681,
        1.467,
        3.681,
        1,
        2,
        3.681,
        2.534,
        -4.489,
        3.067,
        -4.489,
        1,
        3.578,
        -4.489,
        4.089,
        3.553,
        4.6,
        3.553,
        1,
        5.089,
        3.553,
        5.578,
        -4.596,
        6.067,
        -4.596,
        1,
        6.556,
        -4.596,
        7.044,
        3.234,
        7.533,
        3.234,
        1,
        8.033,
        3.234,
        8.533,
        -4.383,
        9.033,
        -4.383,
        1,
        9.533,
        -4.383,
        10.033,
        3.362,
        10.533,
        3.362,
        1,
        10.989,
        3.362,
        11.444,
        -4.149,
        11.9,
        -4.149,
        1,
        11.933,
        -4.149,
        11.967,
        -3.704,
        12,
        -3.43
      ]
    },
    {
      "Target": "Parameter",
      "Id": "Param_Angle_Rotation110",
      "Segments": [
        0,
        -8.518,
        1,
        0.544,
        -8.518,
        1.089,
        5.393,
        1.633,
        5.393,
        1,
        2.166,
        5.393,
        2.7,
        -9.214,
        3.233,
        -9.214,
        1,
        3.744,
        -9.214,
        4.256,
        5.436,
        4.767,
        5.436,
        1,
        5.256,
        5.436,
        5.744,
        -8.868,
        6.233,
        -8.868,
        1,
        6.733,
        -8.868,
        7.233,
        3.432,
        7.733,
        3.432,
        1,
        8.211,
        3.432,
        8.689,
        -8.984,
        9.167,
        -8.984,
        1,
        9.656,
        -8.984,
        10.144,
        5.591,
        10.633,
        5.591,
        1,
        11.089,
        5.591,
        11.544,
        -8.518,
        12,
        -8.518
      ]
    },
    {
      "Target": "Parameter",
      "Id": "Param_Angle_Rotation103",
      "Segments": [
        0,
        -0.043,
        1,
        0.367,
        1.388,
        0.733,
        2.338,
        1.1,
        2.338,
        1,
        1.611,
        2.338,
        2.122,
        -0.993,
        2.633,
        -0.993,
        1,
        3.166,
        -0.993,
        3.7,
        2.253,
        4.233,
        2.253,
        1,
        4.666,
        2.253,
        5.1,
        -0.921,
        5.533,
        -0.921,
        1,
        5.833,
        -0.921,
        6.133,
        -0.817,
        6.433,
        0.157,
        1,
        6.689,
        0.988,
        6.944,
        2.302,
        7.2,
        2.302,
        1,
        7.5,
        2.302,
        7.8,
        2.014,
        8.1,
        0.715,
        1,
        8.267,
        -0.007,
        8.433,
        -1.127,
        8.6,
        -1.127,
        1,
        9.156,
        -1.127,
        9.711,
        2.12,
        10.267,
        2.12,
        1,
        10.689,
        2.12,
        11.111,
        -1.09,
        11.533,
        -1.09,
        1,
        11.689,
        -1.09,
        11.844,
        -0.599,
        12,
        -0.043
      ]
    },
    {
      "Target": "Parameter",
      "Id": "Param_Angle_Rotation104",
      "Segments": [
        0,
        -1.842,
        1,
        0.433,
        0.608,
        0.867,
        2.538,
        1.3,
        2.538,
        1,
        1.833,
        2.538,
        2.367,
        -2.687,
        2.9,
        -2.687,
        1,
        3.189,
        -2.687,
        3.478,
        -2.411,
        3.767,
        -0.719,
        1,
        4,
        0.648,
        4.234,
        2.497,
        4.467,
        2.497,
        1,
        4.611,
        2.497,
        4.756,
        1.471,
        4.9,
        0.489,
        1,
        5.233,
        -1.78,
        5.567,
        -2.565,
        5.9,
        -2.565,
        1,
        6.089,
        -2.565,
        6.278,
        -0.715,
        6.467,
        0.326,
        1,
        6.767,
        1.978,
        7.067,
        2.253,
        7.367,
        2.253,
        1,
        7.878,
        2.253,
        8.389,
        -2.687,
        8.9,
        -2.687,
        1,
        9.389,
        -2.687,
        9.878,
        2.415,
        10.367,
        2.415,
        1,
        10.822,
        2.415,
        11.278,
        -2.66,
        11.733,
        -2.66,
        1,
        11.822,
        -2.66,
        11.911,
        -2.328,
        12,
        -1.842
      ]
    },
    {
      "Target": "Parameter",
      "Id": "Param_Angle_Rotation105",
      "Segments": [
        0,
        -3.995,
        1,
        0.489,
        -0.223,
        0.978,
        3.194,
        1.467,
        3.194,
        1,
        1.711,
        3.194,
        1.956,
        0.305,
        2.2,
        -1.845,
        1,
        2.489,
        -4.387,
        2.778,
        -4.781,
        3.067,
        -4.781,
        1,
        3.578,
        -4.781,
        4.089,
        3.062,
        4.6,
        3.062,
        1,
        4.822,
        3.062,
        5.045,
        -0.378,
        5.267,
        -2.312,
        1,
        5.534,
        -4.632,
        5.8,
        -4.846,
        6.067,
        -4.846,
        1,
        6.556,
        -4.846,
        7.044,
        2.942,
        7.533,
        2.942,
        1,
        8.033,
        2.942,
        8.533,
        -3.78,
        9.033,
        -3.78,
        1,
        9.533,
        -3.78,
        10.033,
        3.105,
        10.533,
        3.105,
        1,
        10.989,
        3.105,
        11.444,
        -4.474,
        11.9,
        -4.474,
        1,
        11.933,
        -4.474,
        11.967,
        -4.284,
        12,
        -3.995
      ]
    },
    {
      "Target": "Parameter",
      "Id": "Param_Angle_Rotation106",
      "Segments": [
        0,
        -7.735,
        1,
        0.544,
        -7.735,
        1.089,
        4.865,
        1.633,
        4.865,
        1,
        2.166,
        4.865,
        2.7,
        -7.875,
        3.233,
        -7.875,
        1,
        3.744,
        -7.875,
        4.256,
        4.97,
        4.767,
        4.97,
        1,
        5.256,
        4.97,
        5.744,
        -7.875,
        6.233,
        -7.875,
        1,
        6.733,
        -7.875,
        7.233,
        5.04,
        7.733,
        5.04,
        1,
        8.2,
        5.04,
        8.666,
        -7.98,
        9.133,
        -7.98,
        1,
        9.633,
        -7.98,
        10.133,
        4.76,
        10.633,
        4.76,
        1,
        11.089,
        4.76,
        11.544,
        -7.735,
        12,
        -7.735
      ]
    },
    {
      "Target": "Parameter",
      "Id": "ParamBeltYao",
      "Segments": [
        0,
        0,
        0,
        12,
        0
      ]
    },
    {
      "Target": "PartOpacity",
      "Id": "PartMain",
      "Segments": [
        0,
        1,
        0,
        12,
        1
      ]
    },
    {
      "Target": "PartOpacity",
      "Id": "PartCameraLight",
      "Segments": [
        0,
        0,
        0,
        12,
        0
      ]
    },
    {
      "Target": "PartOpacity",
      "Id": "PartStar",
      "Segments": [
        0,
        0,
        0,
        12,
        0
      ]
    },
    {
      "Target": "PartOpacity",
      "Id": "PartYellowLight",
      "Segments": [
        0,
        0,
        0,
        12,
        0
      ]
    },
    {
      "Target": "PartOpacity",
      "Id": "PartFace",
      "Segments": [
        0,
        1,
        0,
        12,
        1
      ]
    },
    {
      "Target": "PartOpacity",
      "Id": "PartTeethLight",
      "Segments": [
        0,
        0,
        0,
        12,
        0
      ]
    },
    {
      "Target": "PartOpacity",
      "Id": "PartMouthKF",
      "Segments": [
        0,
        0,
        0,
        12,
        0
      ]
    },
    {
      "Target": "PartOpacity",
      "Id": "PartMouth",
      "Segments": [
        0,
        1,
        0,
        12,
        1
      ]
    },
    {
      "Target": "PartOpacity",
      "Id": "PartArmR",
      "Segments": [
        0,
        1,
        0,
        12,
        1
      ]
    },
    {
      "Target": "PartOpacity",
      "Id": "PartArmForeLayer",
      "Segments": [
        0,
        1,
        0,
        12,
        1
      ]
    },
    {
      "Target": "PartOpacity",
      "Id": "PartHandRDiyao",
      "Segments": [
        0,
        0,
        0,
        12,
        0
      ]
    },
    {
      "Target": "PartOpacity",
      "Id": "PartHandRXiachui",
      "Segments": [
        0,
        0,
        0,
        12,
        0
      ]
    },
    {
      "Target": "PartOpacity",
      "Id": "PartHandRGualian",
      "Segments": [
        0,
        0,
        0,
        12,
        0
      ]
    },
    {
      "Target": "PartOpacity",
      "Id": "PartHandNaxin",
      "Segments": [
        0,
        0,
        0,
        12,
        0
      ]
    },
    {
      "Target": "PartOpacity",
      "Id": "PartHandRZhanshi",
      "Segments": [
        0,
        0,
        0,
        12,
        0
      ]
    },
    {
      "Target": "PartOpacity",
      "Id": "PartHandRBao",
      "Segments": [
        0,
        0,
        0,
        12,
        0
      ]
    },
    {
      "Target": "PartOpacity",
      "Id": "PartHandRWoquan",
      "Segments": [
        0,
        0,
        0,
        12,
        0
      ]
    },
    {
      "Target": "PartOpacity",
      "Id": "PartHandRYaoqing",
      "Segments": [
        0,
        0,
        0,
        12,
        0
      ]
    },
    {
      "Target": "PartOpacity",
      "Id": "PartHandRShoudao",
      "Segments": [
        0,
        0,
        0,
        12,
        0
      ]
    },
    {
      "Target": "PartOpacity",
      "Id": "PartHandRJXJ",
      "Segments": [
        0,
        0,
        0,
        12,
        0
      ]
    },
    {
      "Target": "PartOpacity",
      "Id": "PartHandRZoulu",
      "Segments": [
        0,
        0,
        0,
        12,
        0
      ]
    },
    {
      "Target": "PartOpacity",
      "Id": "PartHandRXingli",
      "Segments": [
        0,
        0,
        0,
        12,
        0
      ]
    },
    {
      "Target": "PartOpacity",
      "Id": "PartHandRDefaultWk",
      "Segments": [
        0,
        0,
        0,
        12,
        0
      ]
    },
    {
      "Target": "PartOpacity",
      "Id": "PartHandRDefault",
      "Segments": [
        0,
        1,
        0,
        12,
        1
      ]
    },
    {
      "Target": "PartOpacity",
      "Id": "PartCamera03Layer",
      "Segments": [
        0,
        0,
        0,
        12,
        0
      ]
    },
    {
      "Target": "PartOpacity",
      "Id": "PartNeck",
      "Segments": [
        0,
        1,
        0,
        12,
        1
      ]
    },
    {
      "Target": "PartOpacity",
      "Id": "PartBodyUpper",
      "Segments": [
        0,
        1,
        0,
        12,
        1
      ]
    },
    {
      "Target": "PartOpacity",
      "Id": "PartBodyLower",
      "Segments": [
        0,
        1,
        0,
        12,
        1
      ]
    },
    {
      "Target": "PartOpacity",
      "Id": "PartArmL",
      "Segments": [
        0,
        1,
        0,
        12,
        1
      ]
    },
    {
      "Target": "PartOpacity",
      "Id": "PartArmForeLLayer",
      "Segments": [
        0,
        1,
        0,
        12,
        1
      ]
    },
    {
      "Target": "PartOpacity",
      "Id": "PartHandLJXJ",
      "Segments": [
        0,
        0,
        0,
        12,
        0
      ]
    },
    {
      "Target": "PartOpacity",
      "Id": "PartHandLZoulu2",
      "Segments": [
        0,
        0,
        0,
        12,
        0
      ]
    },
    {
      "Target": "PartOpacity",
      "Id": "PartHandLZoulu",
      "Segments": [
        0,
        0,
        0,
        12,
        0
      ]
    },
    {
      "Target": "PartOpacity",
      "Id": "PartHandLDefault",
      "Segments": [
        0,
        1,
        0,
        12,
        1
      ]
    },
    {
      "Target": "PartOpacity",
      "Id": "PartLegR",
      "Segments": [
        0,
        1,
        0,
        12,
        1
      ]
    },
    {
      "Target": "PartOpacity",
      "Id": "PartLegL",
      "Segments": [
        0,
        1,
        0,
        12,
        1
      ]
    }
  ],
  "UserData": []
}