{
  "Version": 3,
  "Meta": {
    "Duration": 4.27,
    "Fps": 30.0,
    "Loop": false,
    "AreBeziersRestricted": true,
    "CurveCount": 169,
    "TotalSegmentCount": 876,
    "TotalPointCount": 2381,
    "UserDataCount": 1,
    "TotalUserDataSize": 0
  },
  "Curves": [
    {
      "Target": "Model",
      "Id": "LipSync",
      "Segments": [
        0,
        0,
        2,
        2.433,
        0,
        1,
        2.444,
        0,
        2.456,
        0.168,
        2.467,
        0.384,
        1,
        2.489,
        0.817,
        2.511,
        0.988,
        2.533,
        0.988,
        1,
        2.555,
        0.988,
        2.578,
        0.008,
        2.6,
        0.008,
        1,
        2.644,
        0.008,
        2.689,
        0.918,
        2.733,
        0.918,
        1,
        2.822,
        0.918,
        2.911,
        0,
        3,
        0,
        1,
        3.044,
        0,
        3.089,
        0.008,
        3.133,
        0.008,
        1,
        3.178,
        0.008,
        3.222,
        0,
        3.267,
        0,
        2,
        3.4,
        0,
        1,
        3.444,
        0,
        3.489,
        0.992,
        3.533,
        0.992,
        1,
        3.555,
        0.992,
        3.578,
        0.745,
        3.6,
        0.745,
        1,
        3.622,
        0.745,
        3.645,
        0.804,
        3.667,
        0.804,
        1,
        3.689,
        0.804,
        3.711,
        0.125,
        3.733,
        0.125,
        1,
        3.755,
        0.125,
        3.778,
        0.443,
        3.8,
        0.443,
        1,
        3.822,
        0.443,
        3.845,
        0.141,
        3.867,
        0.141,
        1,
        3.911,
        0.141,
        3.956,
        0.733,
        4,
        0.733,
        1,
        4.067,
        0.733,
        4.133,
        0,
        4.2,
        0,
        2,
        4.267,
        0
      ]
    },
    {
      "Target": "Parameter",
      "Id": "ParamCameraAngelX",
      "Segments": [
        0,
        -29,
        2,
        3.033,
        -29,
        1,
        3.2,
        -20.567,
        3.366,
        -12.133,
        3.533,
        -3.7,
        2,
        3.767,
        -3.7,
        2,
        4.267,
        -3.7
      ]
    },
    {
      "Target": "Parameter",
      "Id": "ParamCameraPositionX",
      "Segments": [
        0,
        6,
        2,
        3.033,
        6,
        1,
        3.2,
        6,
        3.366,
        0,
        3.533,
        0,
        2,
        3.767,
        0,
        2,
        4.267,
        0
      ]
    },
    {
      "Target": "Parameter",
      "Id": "ParamCameraPositionY",
      "Segments": [
        0,
        -1,
        2,
        3.033,
        -1,
        1,
        3.2,
        -1,
        3.366,
        0,
        3.533,
        0,
        2,
        3.767,
        0,
        2,
        4.267,
        0
      ]
    },
    {
      "Target": "Parameter",
      "Id": "ParamCamera1Alpha",
      "Segments": [
        0,
        0,
        2,
        3,
        0,
        1,
        3.011,
        0,
        3.022,
        1,
        3.033,
        1,
        2,
        3.767,
        1,
        2,
        4.267,
        1
      ]
    },
    {
      "Target": "Parameter",
      "Id": "ParamAngelZOffset",
      "Segments": [
        0,
        0,
        2,
        3,
        0,
        1,
        3.256,
        0,
        3.511,
        30,
        3.767,
        30,
        2,
        4.267,
        30
      ]
    },
    {
      "Target": "Parameter",
      "Id": "ParamAngleX",
      "Segments": [
        0,
        30,
        1,
        0.133,
        30,
        0.267,
        30.47,
        0.4,
        27.961,
        1,
        0.567,
        24.825,
        0.733,
        -18.082,
        0.9,
        -25.479,
        1,
        1.011,
        -30.411,
        1.122,
        -29.797,
        1.233,
        -29.797,
        1,
        1.311,
        -29.797,
        1.389,
        -29.73,
        1.467,
        -29.465,
        1,
        1.522,
        -29.276,
        1.578,
        -29.355,
        1.633,
        -28.68,
        1,
        1.755,
        -27.194,
        1.878,
        -9.299,
        2,
        -3.316,
        1,
        2.067,
        -0.053,
        2.133,
        0,
        2.2,
        0,
        2,
        2.9,
        0,
        1,
        3.189,
        0,
        3.478,
        0.017,
        3.767,
        -1.55,
        1,
        3.934,
        -2.453,
        4.1,
        -3.582,
        4.267,
        -4.545
      ]
    },
    {
      "Target": "Parameter",
      "Id": "ParamAngleY",
      "Segments": [
        0,
        -2.815,
        1,
        0.022,
        -3.45,
        0.045,
        -3.839,
        0.067,
        -3.839,
        1,
        0.2,
        -3.839,
        0.334,
        8,
        0.467,
        8,
        1,
        0.589,
        8,
        0.711,
        -3.839,
        0.833,
        -3.839,
        1,
        0.955,
        -3.839,
        1.078,
        8,
        1.2,
        8,
        1,
        1.322,
        8,
        1.445,
        -3.839,
        1.567,
        -3.839,
        1,
        1.689,
        -3.839,
        1.811,
        8,
        1.933,
        8,
        1,
        2.066,
        8,
        2.2,
        -3.839,
        2.333,
        -3.839,
        1,
        2.455,
        -3.839,
        2.578,
        6.553,
        2.7,
        6.553,
        1,
        2.822,
        6.553,
        2.945,
        -3.839,
        3.067,
        -3.839,
        1,
        3.189,
        -3.839,
        3.311,
        3.885,
        3.433,
        3.885,
        1,
        3.544,
        3.885,
        3.656,
        1.57,
        3.767,
        -0.4,
        1,
        3.934,
        -3.356,
        4.1,
        -4.557,
        4.267,
        -4.875
      ]
    },
    {
      "Target": "Parameter",
      "Id": "ParamNeckZ",
      "Segments": [
        0,
        0,
        2,
        2.267,
        0,
        1,
        2.511,
        0,
        2.756,
        -7,
        3,
        -7,
        1,
        3.256,
        -7,
        3.511,
        0,
        3.767,
        0,
        2,
        4.267,
        0
      ]
    },
    {
      "Target": "Parameter",
      "Id": "ParamEyeLOpen",
      "Segments": [
        0,
        0.687,
        2,
        0.433,
        0.687,
        1,
        0.489,
        0.687,
        0.544,
        0,
        0.6,
        0,
        1,
        0.667,
        0,
        0.733,
        0.687,
        0.8,
        0.687,
        2,
        1.633,
        0.687,
        1,
        1.689,
        0.687,
        1.744,
        0,
        1.8,
        0,
        1,
        1.867,
        0,
        1.933,
        0.619,
        2,
        0.687,
        1,
        2.033,
        0.721,
        2.067,
        0.706,
        2.1,
        0.725,
        1,
        2.4,
        0.898,
        2.7,
        1,
        3,
        1,
        2,
        3.767,
        1,
        2,
        4.267,
        1
      ]
    },
    {
      "Target": "Parameter",
      "Id": "ParamEyeROpen",
      "Segments": [
        0,
        0.687,
        2,
        0.433,
        0.687,
        1,
        0.489,
        0.687,
        0.544,
        0,
        0.6,
        0,
        1,
        0.667,
        0,
        0.733,
        0.687,
        0.8,
        0.687,
        2,
        1.633,
        0.687,
        1,
        1.689,
        0.687,
        1.744,
        0,
        1.8,
        0,
        1,
        1.867,
        0,
        1.933,
        0.619,
        2,
        0.687,
        1,
        2.033,
        0.721,
        2.067,
        0.706,
        2.1,
        0.725,
        1,
        2.4,
        0.898,
        2.7,
        1,
        3,
        1,
        2,
        3.767,
        1,
        2,
        4.267,
        1
      ]
    },
    {
      "Target": "Parameter",
      "Id": "ParamEyeBallX",
      "Segments": [
        0,
        0.3,
        2,
        0.467,
        0.3,
        1,
        0.511,
        0.3,
        0.556,
        -0.033,
        0.6,
        -0.193,
        1,
        0.633,
        -0.313,
        0.667,
        -0.3,
        0.7,
        -0.3,
        2,
        1.667,
        -0.3,
        1,
        1.734,
        -0.3,
        1.8,
        -0.39,
        1.867,
        -0.444,
        1,
        1.934,
        -0.498,
        2,
        -0.5,
        2.067,
        -0.5,
        2,
        2.8,
        -0.5,
        1,
        3.122,
        -0.5,
        3.445,
        -0.4,
        3.767,
        -0.4,
        2,
        4.267,
        -0.4
      ]
    },
    {
      "Target": "Parameter",
      "Id": "ParamBrowLY",
      "Segments": [
        0,
        -0.4,
        2,
        2.1,
        -0.4,
        1,
        2.4,
        -0.4,
        2.7,
        0,
        3,
        0,
        2,
        3.767,
        0,
        2,
        4.267,
        0
      ]
    },
    {
      "Target": "Parameter",
      "Id": "ParamBrowRY",
      "Segments": [
        0,
        -0.4,
        2,
        2.1,
        -0.4,
        1,
        2.4,
        -0.4,
        2.7,
        0,
        3,
        0,
        2,
        3.767,
        0,
        2,
        4.267,
        0
      ]
    },
    {
      "Target": "Parameter",
      "Id": "ParamMouthForm",
      "Segments": [
        0,
        0,
        2,
        2.2,
        0,
        1,
        2.356,
        0,
        2.511,
        0.086,
        2.667,
        0.4,
        1,
        2.7,
        0.467,
        2.734,
        1,
        2.767,
        1,
        2,
        3.767,
        1,
        2,
        4.267,
        1
      ]
    },
    {
      "Target": "Parameter",
      "Id": "ParamZBBYB",
      "Segments": [
        0,
        0.8,
        2,
        2.2,
        0.8,
        1,
        2.356,
        0.8,
        2.511,
        0.676,
        2.667,
        0.3,
        1,
        2.7,
        0.219,
        2.734,
        0,
        2.767,
        0,
        2,
        3.767,
        0,
        2,
        4.267,
        0
      ]
    },
    {
      "Target": "Parameter",
      "Id": "ParamMouthFormKF",
      "Segments": [
        0,
        0,
        2,
        2.2,
        0,
        1,
        2.356,
        0,
        2.511,
        0.085,
        2.667,
        0.397,
        1,
        2.7,
        0.464,
        2.734,
        1,
        2.767,
        1,
        2,
        3.767,
        1,
        2,
        4.267,
        1
      ]
    },
    {
      "Target": "Parameter",
      "Id": "ParamMouthOpenYKF",
      "Segments": [
        0,
        0,
        2,
        2.433,
        0,
        1,
        2.444,
        0,
        2.456,
        0.68,
        2.467,
        0.68,
        1,
        2.511,
        0.68,
        2.556,
        0,
        2.6,
        0,
        1,
        2.644,
        0,
        2.689,
        0.728,
        2.733,
        0.728,
        1,
        2.822,
        0.728,
        2.911,
        0,
        3,
        0,
        2,
        3.2,
        0,
        1,
        3.267,
        0,
        3.333,
        0.651,
        3.4,
        0.651,
        1,
        3.444,
        0.651,
        3.489,
        0.294,
        3.533,
        0.294,
        1,
        3.555,
        0.294,
        3.578,
        0.412,
        3.6,
        0.412,
        1,
        3.622,
        0.412,
        3.645,
        0,
        3.667,
        0,
        2,
        4.267,
        0
      ]
    },
    {
      "Target": "Parameter",
      "Id": "ParamZBBYBKF",
      "Segments": [
        0,
        0.8,
        2,
        2.2,
        0.8,
        1,
        2.356,
        0.8,
        2.511,
        0.676,
        2.667,
        0.301,
        1,
        2.7,
        0.221,
        2.734,
        0,
        2.767,
        0,
        2,
        3.767,
        0,
        2,
        4.267,
        0
      ]
    },
    {
      "Target": "Parameter",
      "Id": "ParamChestCX",
      "Segments": [
        0,
        0,
        2,
        3,
        0,
        1,
        3.256,
        0,
        3.511,
        10,
        3.767,
        10,
        2,
        4.267,
        10
      ]
    },
    {
      "Target": "Parameter",
      "Id": "ParamChestX",
      "Segments": [
        0,
        0.316,
        1,
        0.089,
        0.636,
        0.178,
        0.894,
        0.267,
        0.894,
        1,
        0.522,
        0.894,
        0.778,
        -0.883,
        1.033,
        -0.883,
        1,
        1.278,
        -0.883,
        1.522,
        0.894,
        1.767,
        0.894,
        1,
        2.022,
        0.894,
        2.278,
        -0.44,
        2.533,
        -0.44,
        1,
        2.778,
        -0.44,
        3.022,
        0.392,
        3.267,
        0.392,
        1,
        3.434,
        0.392,
        3.6,
        0.001,
        3.767,
        0.001,
        2,
        4.267,
        0.001
      ]
    },
    {
      "Target": "Parameter",
      "Id": "ParamChestY",
      "Segments": [
        0,
        -0.083,
        1,
        0.033,
        -0.167,
        0.067,
        -0.223,
        0.1,
        -0.223,
        1,
        0.233,
        -0.223,
        0.367,
        0.674,
        0.5,
        0.674,
        1,
        0.622,
        0.674,
        0.745,
        -0.607,
        0.867,
        -0.607,
        1,
        0.989,
        -0.607,
        1.111,
        0.674,
        1.233,
        0.674,
        1,
        1.355,
        0.674,
        1.478,
        -0.607,
        1.6,
        -0.607,
        1,
        1.722,
        -0.607,
        1.845,
        0.674,
        1.967,
        0.674,
        1,
        2.1,
        0.674,
        2.234,
        -0.607,
        2.367,
        -0.607,
        1,
        2.489,
        -0.607,
        2.611,
        0.563,
        2.733,
        0.563,
        1,
        2.855,
        0.563,
        2.978,
        -0.458,
        3.1,
        -0.458,
        1,
        3.222,
        -0.458,
        3.345,
        0.345,
        3.467,
        0.345,
        1,
        3.567,
        0.345,
        3.667,
        0,
        3.767,
        0,
        2,
        4.267,
        0
      ]
    },
    {
      "Target": "Parameter",
      "Id": "ParamChestRAtu",
      "Segments": [
        0,
        0,
        2,
        3.167,
        0,
        1,
        3.3,
        0,
        3.434,
        -10,
        3.567,
        -10,
        2,
        4.267,
        -10
      ]
    },
    {
      "Target": "Parameter",
      "Id": "ParamChestLAtu",
      "Segments": [
        0,
        0,
        2,
        3.467,
        0,
        1,
        3.589,
        0,
        3.711,
        7,
        3.833,
        7,
        2,
        4.267,
        7
      ]
    },
    {
      "Target": "Parameter",
      "Id": "ParamBodyAngleZ",
      "Segments": [
        0,
        0,
        2,
        2.267,
        0,
        1,
        2.511,
        0,
        2.756,
        3,
        3,
        3,
        1,
        3.256,
        3,
        3.511,
        0,
        3.767,
        0,
        2,
        4.267,
        0
      ]
    },
    {
      "Target": "Parameter",
      "Id": "ParamHoleBodyOffsetX",
      "Segments": [
        0,
        0,
        2,
        3.767,
        0,
        1,
        3.934,
        0,
        4.1,
        0.217,
        4.267,
        0.355
      ]
    },
    {
      "Target": "Parameter",
      "Id": "ParamBodyDun",
      "Segments": [
        0,
        0,
        2,
        3.767,
        0,
        1,
        3.934,
        0,
        4.1,
        -1.111,
        4.267,
        -2.593
      ]
    },
    {
      "Target": "Parameter",
      "Id": "ParamBodyUpperMainAngelZ",
      "Segments": [
        0,
        0,
        2,
        2.267,
        0,
        1,
        2.511,
        0,
        2.756,
        4,
        3,
        4,
        1,
        3.256,
        4,
        3.511,
        2.17,
        3.767,
        0,
        1,
        3.934,
        -1.415,
        4.1,
        -2.113,
        4.267,
        -2.415
      ]
    },
    {
      "Target": "Parameter",
      "Id": "ParamLegWalkR",
      "Segments": [
        0,
        0,
        1,
        0.256,
        5.635,
        0.511,
        6.954,
        0.767,
        10.177,
        1,
        1.011,
        15.707,
        1.256,
        17.026,
        1.5,
        19.912,
        1,
        1.756,
        25.42,
        2.011,
        26.739,
        2.267,
        30.088,
        1,
        2.511,
        35.851,
        2.756,
        37.29,
        3,
        39.823,
        1,
        3.256,
        43.215,
        3.511,
        49.486,
        3.767,
        50,
        1,
        3.934,
        50.336,
        4.1,
        50.246,
        4.267,
        50.396
      ]
    },
    {
      "Target": "Parameter",
      "Id": "ParamArmForeRLayer",
      "Segments": [
        0,
        0,
        2,
        0.333,
        0,
        1,
        0.344,
        0,
        0.356,
        -1,
        0.367,
        -1,
        2,
        1.033,
        -1,
        1,
        1.044,
        -1,
        1.056,
        0,
        1.067,
        0,
        2,
        1.833,
        0,
        1,
        1.844,
        0,
        1.856,
        -1,
        1.867,
        -1,
        2,
        2.6,
        -1,
        1,
        2.611,
        -1,
        2.622,
        0,
        2.633,
        0,
        2,
        3.767,
        0,
        2,
        4.267,
        0
      ]
    },
    {
      "Target": "Parameter",
      "Id": "ParamArmUpperRAngel",
      "Segments": [
        0,
        1,
        1,
        0.122,
        1,
        0.245,
        -5.019,
        0.367,
        -6.106,
        1,
        0.5,
        -7.292,
        0.634,
        -7.18,
        0.767,
        -7.18,
        1,
        0.889,
        -7.18,
        1.011,
        -7.209,
        1.133,
        -5.388,
        1,
        1.255,
        -3.566,
        1.378,
        1,
        1.5,
        1,
        1,
        1.622,
        1,
        1.745,
        -5.843,
        1.867,
        -6.381,
        1,
        2,
        -6.968,
        2.134,
        -6.872,
        2.267,
        -7.369,
        1,
        2.378,
        -7.782,
        2.489,
        -8.983,
        2.6,
        -8.983,
        1,
        2.678,
        -8.983,
        2.755,
        -8.469,
        2.833,
        -6.819,
        1,
        2.922,
        -4.933,
        3.011,
        -1.448,
        3.1,
        -0.321,
        1,
        3.178,
        0.666,
        3.255,
        0.654,
        3.333,
        0.654,
        1,
        3.478,
        0.654,
        3.622,
        -0.454,
        3.767,
        -0.454,
        1,
        3.934,
        -0.454,
        4.1,
        -0.243,
        4.267,
        -0.109
      ]
    },
    {
      "Target": "Parameter",
      "Id": "ParamArmForeRAngel",
      "Segments": [
        0,
        -47,
        1,
        0.144,
        -47,
        0.289,
        -54,
        0.433,
        -54,
        1,
        0.566,
        -54,
        0.7,
        -52,
        0.833,
        -52,
        1,
        0.955,
        -52,
        1.078,
        -54,
        1.2,
        -54,
        1,
        1.322,
        -54,
        1.445,
        -47,
        1.567,
        -47,
        1,
        1.689,
        -47,
        1.811,
        -54,
        1.933,
        -54,
        1,
        2.066,
        -54,
        2.2,
        -52,
        2.333,
        -52,
        1,
        2.433,
        -52,
        2.533,
        -54,
        2.633,
        -54,
        1,
        2.7,
        -54,
        2.766,
        -54.311,
        2.833,
        -49.152,
        1,
        2.944,
        -40.556,
        3.056,
        -9.126,
        3.167,
        -5.121,
        1,
        3.367,
        2.087,
        3.567,
        3,
        3.767,
        3,
        1,
        3.934,
        3,
        4.1,
        2.667,
        4.267,
        2.222
      ]
    },
    {
      "Target": "Parameter",
      "Id": "ParamHandRAngel",
      "Segments": [
        0,
        18,
        1,
        0.133,
        18,
        0.267,
        14,
        0.4,
        14,
        1,
        0.533,
        14,
        0.667,
        18,
        0.8,
        18,
        1,
        0.922,
        18,
        1.045,
        14,
        1.167,
        14,
        1,
        1.289,
        14,
        1.411,
        18,
        1.533,
        18,
        1,
        1.655,
        18,
        1.778,
        14,
        1.9,
        14,
        1,
        2.033,
        14,
        2.167,
        18,
        2.3,
        18,
        1,
        2.444,
        18,
        2.589,
        14,
        2.733,
        14,
        1,
        2.822,
        14,
        2.911,
        18,
        3,
        18,
        1,
        3.256,
        18,
        3.511,
        3.818,
        3.767,
        3.818,
        1,
        3.934,
        3.818,
        4.1,
        5.477,
        4.267,
        6.533
      ]
    },
    {
      "Target": "Parameter",
      "Id": "ParamArmUpperRLength",
      "Segments": [
        0,
        0,
        1,
        0.256,
        0,
        0.511,
        1.5,
        0.767,
        1.5,
        1,
        1.011,
        1.5,
        1.256,
        0,
        1.5,
        0,
        1,
        1.756,
        0,
        2.011,
        1.5,
        2.267,
        1.5,
        1,
        2.378,
        1.5,
        2.489,
        0.979,
        2.6,
        0.8,
        1,
        2.989,
        0.173,
        3.378,
        0,
        3.767,
        0,
        2,
        4.267,
        0
      ]
    },
    {
      "Target": "Parameter",
      "Id": "ParamArmForeRLength",
      "Segments": [
        0,
        0,
        2,
        2.6,
        0,
        1,
        2.678,
        0,
        2.755,
        1.052,
        2.833,
        3.868,
        1,
        2.855,
        4.673,
        2.878,
        7.199,
        2.9,
        7.564,
        1,
        2.944,
        8.295,
        2.989,
        8.4,
        3.033,
        8.4,
        1,
        3.055,
        8.4,
        3.078,
        7.347,
        3.1,
        6.807,
        1,
        3.144,
        5.725,
        3.189,
        4.848,
        3.233,
        4.151,
        1,
        3.278,
        3.454,
        3.322,
        2.965,
        3.367,
        2.418,
        1,
        3.5,
        0.777,
        3.634,
        0,
        3.767,
        0,
        2,
        4.267,
        0
      ]
    },
    {
      "Target": "Parameter",
      "Id": "ParamArmForeRCoverAlpha",
      "Segments": [
        0,
        1,
        2,
        2.633,
        1,
        1,
        2.822,
        1,
        3.011,
        0,
        3.2,
        0,
        2,
        3.767,
        0,
        2,
        4.267,
        0
      ]
    },
    {
      "Target": "Parameter",
      "Id": "ParamHandRDefaultAlpha",
      "Segments": [
        0,
        0,
        2,
        2.967,
        0,
        2,
        3,
        1,
        2,
        3.767,
        1,
        2,
        4.267,
        1
      ]
    },
    {
      "Target": "Parameter",
      "Id": "ParamZoulrAlpha",
      "Segments": [
        0,
        1,
        2,
        2.967,
        1,
        2,
        3,
        0,
        2,
        3.767,
        0,
        2,
        4.267,
        0
      ]
    },
    {
      "Target": "Parameter",
      "Id": "ParamArmForeLLayer",
      "Segments": [
        0,
        -1,
        2,
        0.367,
        -1,
        1,
        0.378,
        -1,
        0.389,
        1,
        0.4,
        1,
        2,
        1.133,
        1,
        1,
        1.144,
        1,
        1.156,
        -1,
        1.167,
        -1,
        2,
        1.867,
        -1,
        1,
        1.878,
        -1,
        1.889,
        1,
        1.9,
        1,
        2,
        2.6,
        1,
        1,
        2.611,
        1,
        2.622,
        0,
        2.633,
        0,
        2,
        3.767,
        0,
        2,
        4.267,
        0
      ]
    },
    {
      "Target": "Parameter",
      "Id": "ParamArmForeLNeLayer",
      "Segments": [
        0,
        0,
        2,
        0.367,
        0,
        1,
        0.378,
        0,
        0.389,
        1,
        0.4,
        1,
        2,
        1.133,
        1,
        1,
        1.144,
        1,
        1.156,
        -1,
        1.167,
        -1,
        2,
        1.867,
        -1,
        1,
        1.878,
        -1,
        1.889,
        1,
        1.9,
        1,
        2,
        2.6,
        1,
        1,
        2.611,
        1,
        2.622,
        0,
        2.633,
        0,
        2,
        3.767,
        0,
        2,
        4.267,
        0
      ]
    },
    {
      "Target": "Parameter",
      "Id": "ParamArmUpperLAngel",
      "Segments": [
        0,
        -1.491,
        1,
        0.122,
        -1.491,
        0.245,
        -1.451,
        0.367,
        -0.396,
        1,
        0.5,
        0.756,
        0.634,
        2.576,
        0.767,
        2.576,
        1,
        0.889,
        2.576,
        1.011,
        0.699,
        1.133,
        -0.396,
        1,
        1.255,
        -1.49,
        1.378,
        -1.54,
        1.5,
        -1.54,
        1,
        1.622,
        -1.54,
        1.745,
        -1.484,
        1.867,
        -0.396,
        1,
        2,
        0.792,
        2.134,
        2.576,
        2.267,
        2.576,
        1,
        2.378,
        2.576,
        2.489,
        1.358,
        2.6,
        0.896,
        1,
        2.689,
        0.526,
        2.778,
        0.336,
        2.867,
        0.254,
        1,
        2.945,
        0.183,
        3.022,
        0.266,
        3.1,
        0.128,
        1,
        3.322,
        -0.265,
        3.545,
        -2.926,
        3.767,
        -2.926,
        1,
        3.934,
        -2.926,
        4.1,
        -1.873,
        4.267,
        -1.03
      ]
    },
    {
      "Target": "Parameter",
      "Id": "ParamArmForeLAngel",
      "Segments": [
        0,
        76.127,
        1,
        0.011,
        76.106,
        0.022,
        76.095,
        0.033,
        76.095,
        1,
        0.166,
        76.095,
        0.3,
        76.668,
        0.433,
        78,
        1,
        0.566,
        79.332,
        0.7,
        80.1,
        0.833,
        80.1,
        1,
        0.955,
        80.1,
        1.078,
        79.332,
        1.2,
        78,
        1,
        1.322,
        76.668,
        1.445,
        76.095,
        1.567,
        76.095,
        1,
        1.689,
        76.095,
        1.811,
        76.774,
        1.933,
        78,
        1,
        2.022,
        78.892,
        2.111,
        79.277,
        2.2,
        79.277,
        1,
        2.333,
        79.277,
        2.467,
        78.415,
        2.6,
        74.502,
        1,
        2.667,
        72.546,
        2.733,
        67.99,
        2.8,
        62.343,
        1,
        2.978,
        47.283,
        3.155,
        13.433,
        3.333,
        8.604,
        1,
        3.478,
        4.681,
        3.622,
        1.955,
        3.767,
        1.79,
        1,
        3.8,
        1.752,
        3.834,
        1.778,
        3.867,
        1.778,
        1,
        4,
        1.778,
        4.134,
        1.842,
        4.267,
        1.936
      ]
    },
    {
      "Target": "Parameter",
      "Id": "ParamHandLAngel",
      "Segments": [
        0,
        -4.301,
        1,
        0.133,
        -4.301,
        0.267,
        -5.275,
        0.4,
        -5.275,
        1,
        0.533,
        -5.275,
        0.667,
        -4.387,
        0.8,
        -4.387,
        1,
        0.922,
        -4.387,
        1.045,
        -5.275,
        1.167,
        -5.275,
        1,
        1.289,
        -5.275,
        1.411,
        -4.375,
        1.533,
        -4.375,
        1,
        1.655,
        -4.375,
        1.778,
        -5.275,
        1.9,
        -5.275,
        1,
        2.078,
        -5.275,
        2.255,
        -3.401,
        2.433,
        -3.401,
        1,
        2.489,
        -3.401,
        2.544,
        -3.866,
        2.6,
        -4.07,
        1,
        2.656,
        -4.274,
        2.711,
        -4.269,
        2.767,
        -4.269,
        1,
        2.834,
        -4.269,
        2.9,
        -4.265,
        2.967,
        -3.486,
        1,
        3.089,
        -2.056,
        3.211,
        -0.521,
        3.333,
        -0.521,
        1,
        3.478,
        -0.521,
        3.622,
        -0.885,
        3.767,
        -0.885,
        1,
        3.934,
        -0.885,
        4.1,
        -0.287,
        4.267,
        0.31
      ]
    },
    {
      "Target": "Parameter",
      "Id": "ParamArmUpperLLength",
      "Segments": [
        0,
        -3,
        1,
        0.256,
        -3,
        0.511,
        -6,
        0.767,
        -6,
        1,
        1.011,
        -6,
        1.256,
        -3,
        1.5,
        -3,
        1,
        1.756,
        -3,
        2.011,
        -6,
        2.267,
        -6,
        1,
        2.767,
        -6,
        3.267,
        0,
        3.767,
        0,
        2,
        4.267,
        0
      ]
    },
    {
      "Target": "Parameter",
      "Id": "ParamArmForeLLength",
      "Segments": [
        0,
        0,
        2,
        1.467,
        0,
        2,
        2.2,
        0,
        1,
        2.311,
        0,
        2.422,
        -0.344,
        2.533,
        -0.344,
        1,
        2.622,
        -0.344,
        2.711,
        5.122,
        2.8,
        7.693,
        1,
        2.856,
        9.3,
        2.911,
        9.103,
        2.967,
        9.103,
        1,
        3.022,
        9.103,
        3.078,
        8.76,
        3.133,
        7.512,
        1,
        3.2,
        6.014,
        3.266,
        3.378,
        3.333,
        2.215,
        1,
        3.378,
        1.44,
        3.422,
        0.881,
        3.467,
        0.644,
        1,
        3.567,
        0.112,
        3.667,
        0,
        3.767,
        0,
        2,
        4.267,
        0
      ]
    },
    {
      "Target": "Parameter",
      "Id": "ParamArmForeLCoverAlpha",
      "Segments": [
        0,
        1,
        2,
        2.633,
        1,
        1,
        2.822,
        1,
        3.011,
        0,
        3.2,
        0,
        2,
        3.767,
        0,
        2,
        4.267,
        0
      ]
    },
    {
      "Target": "Parameter",
      "Id": "ParamHandLDefaultAlpha",
      "Segments": [
        0,
        0,
        2,
        3,
        0,
        2,
        3.033,
        1,
        2,
        3.767,
        1,
        2,
        4.267,
        1
      ]
    },
    {
      "Target": "Parameter",
      "Id": "ParamZoullAlpha",
      "Segments": [
        0,
        1,
        2,
        3,
        1,
        2,
        3.033,
        0,
        2,
        3.767,
        0,
        2,
        4.267,
        0
      ]
    },
    {
      "Target": "Parameter",
      "Id": "ParamFrontHairUp",
      "Segments": [
        0,
        0.259,
        1,
        0.044,
        0.111,
        0.089,
        0,
        0.133,
        0,
        1,
        0.266,
        0,
        0.4,
        1,
        0.533,
        1,
        1,
        0.666,
        1,
        0.8,
        0,
        0.933,
        0,
        1,
        1.044,
        0,
        1.156,
        1,
        1.267,
        1,
        1,
        1.389,
        1,
        1.511,
        0,
        1.633,
        0,
        1,
        1.755,
        0,
        1.878,
        1,
        2,
        1,
        1,
        2.133,
        1,
        2.267,
        0,
        2.4,
        0,
        1,
        2.522,
        0,
        2.645,
        0.576,
        2.767,
        0.576,
        1,
        2.889,
        0.576,
        3.011,
        0,
        3.133,
        0,
        1,
        3.255,
        0,
        3.378,
        0.329,
        3.5,
        0.329,
        1,
        3.633,
        0.329,
        3.767,
        0,
        3.9,
        0,
        2,
        4.267,
        0
      ]
    },
    {
      "Target": "Parameter",
      "Id": "ParamHairFront",
      "Segments": [
        0,
        0,
        2,
        0.033,
        0,
        2,
        0.133,
        0,
        1,
        0.333,
        0,
        0.533,
        0.446,
        0.733,
        0.446,
        1,
        0.866,
        0.446,
        1,
        -0.456,
        1.133,
        -0.456,
        1,
        1.278,
        -0.456,
        1.422,
        0.21,
        1.567,
        0.21,
        1,
        1.689,
        0.21,
        1.811,
        -0.387,
        1.933,
        -0.387,
        1,
        2.066,
        -0.387,
        2.2,
        0.332,
        2.333,
        0.332,
        1,
        2.466,
        0.332,
        2.6,
        -0.124,
        2.733,
        -0.124,
        1,
        2.866,
        -0.124,
        3,
        0.136,
        3.133,
        0.136,
        1,
        3.3,
        0.136,
        3.466,
        -0.04,
        3.633,
        -0.04,
        1,
        3.766,
        -0.04,
        3.9,
        0.03,
        4.033,
        0.03,
        1,
        4.111,
        0.03,
        4.189,
        0.02,
        4.267,
        0.01
      ]
    },
    {
      "Target": "Parameter",
      "Id": "ParamMimiYure",
      "Segments": [
        0,
        0,
        2,
        0.167,
        0,
        1,
        0.3,
        0,
        0.434,
        1,
        0.567,
        1,
        2,
        0.7,
        1,
        1,
        0.778,
        1,
        0.855,
        -1,
        0.933,
        -1,
        2,
        1,
        -1,
        1,
        1.089,
        -1,
        1.178,
        0.298,
        1.267,
        0.298,
        1,
        1.356,
        0.298,
        1.444,
        -0.157,
        1.533,
        -0.157,
        1,
        1.566,
        -0.157,
        1.6,
        -0.073,
        1.633,
        -0.073,
        1,
        1.711,
        -0.073,
        1.789,
        -0.978,
        1.867,
        -0.978,
        1,
        1.956,
        -0.978,
        2.044,
        0.984,
        2.133,
        0.984,
        1,
        2.222,
        0.984,
        2.311,
        -0.379,
        2.4,
        -0.379,
        1,
        2.489,
        -0.379,
        2.578,
        0.226,
        2.667,
        0.226,
        1,
        2.756,
        0.226,
        2.844,
        0.045,
        2.933,
        0.045,
        1,
        3.011,
        0.045,
        3.089,
        0.142,
        3.167,
        0.142,
        1,
        3.534,
        0.142,
        3.9,
        0.024,
        4.267,
        -0.039
      ]
    },
    {
      "Target": "Parameter",
      "Id": "ParamMimiYure2",
      "Segments": [
        0,
        0.004,
        1,
        0.056,
        0.004,
        0.111,
        0.005,
        0.167,
        0.006,
        1,
        0.345,
        0.009,
        0.522,
        0.414,
        0.7,
        0.414,
        1,
        0.844,
        0.414,
        0.989,
        -0.405,
        1.133,
        -0.405,
        1,
        1.255,
        -0.405,
        1.378,
        0.313,
        1.5,
        0.313,
        1,
        1.633,
        0.313,
        1.767,
        -0.405,
        1.9,
        -0.405,
        1,
        2.033,
        -0.405,
        2.167,
        0.414,
        2.3,
        0.414,
        1,
        2.422,
        0.414,
        2.545,
        -0.219,
        2.667,
        -0.219,
        1,
        2.8,
        -0.219,
        2.934,
        0.209,
        3.067,
        0.209,
        1,
        3.211,
        0.209,
        3.356,
        -0.059,
        3.5,
        -0.059,
        1,
        3.6,
        -0.059,
        3.7,
        0.083,
        3.8,
        0.083,
        1,
        3.956,
        0.083,
        4.111,
        -0.128,
        4.267,
        -0.128
      ]
    },
    {
      "Target": "Parameter",
      "Id": "ParamBeltYao",
      "Segments": [
        0,
        -0.32,
        1,
        0.078,
        -0.462,
        0.155,
        -0.564,
        0.233,
        -0.564,
        1,
        0.478,
        -0.564,
        0.722,
        0.61,
        0.967,
        0.61,
        1,
        1.211,
        0.61,
        1.456,
        -0.589,
        1.7,
        -0.589,
        1,
        1.956,
        -0.589,
        2.211,
        0.613,
        2.467,
        0.613,
        1,
        2.711,
        0.613,
        2.956,
        -0.851,
        3.2,
        -0.851,
        1,
        3.322,
        -0.851,
        3.445,
        1,
        3.567,
        1,
        2,
        3.667,
        1,
        1,
        3.745,
        1,
        3.822,
        -0.825,
        3.9,
        -0.825,
        1,
        4,
        -0.825,
        4.1,
        0.255,
        4.2,
        0.255,
        1,
        4.222,
        0.255,
        4.245,
        0.238,
        4.267,
        0.212
      ]
    },
    {
      "Target": "Parameter",
      "Id": "ParamCoatOverTurnR",
      "Segments": [
        0,
        -10,
        2,
        2.833,
        -10,
        1,
        3.144,
        -10,
        3.456,
        0,
        3.767,
        0,
        2,
        4.267,
        0
      ]
    },
    {
      "Target": "Parameter",
      "Id": "ParamCoatOverTurnR1",
      "Segments": [
        0,
        -8.976,
        1,
        0.089,
        -8.73,
        0.178,
        -8.536,
        0.267,
        -8.536,
        1,
        0.556,
        -8.536,
        0.844,
        -10,
        1.133,
        -10,
        1,
        1.355,
        -10,
        1.578,
        -8.536,
        1.8,
        -8.536,
        1,
        2.167,
        -8.536,
        2.533,
        -10,
        2.9,
        -10,
        1,
        3.144,
        -10,
        3.389,
        0,
        3.633,
        0,
        1,
        3.844,
        0,
        4.056,
        -2.467,
        4.267,
        -2.714
      ]
    },
    {
      "Target": "Parameter",
      "Id": "ParamCoatOverTurnR2",
      "Segments": [
        0,
        -9.556,
        1,
        0.144,
        -9.156,
        0.289,
        -8.632,
        0.433,
        -8.632,
        1,
        0.711,
        -8.632,
        0.989,
        -10,
        1.267,
        -10,
        1,
        1.489,
        -10,
        1.711,
        -8.167,
        1.933,
        -8.167,
        1,
        2.278,
        -8.167,
        2.622,
        -10,
        2.967,
        -10,
        1,
        3.211,
        -10,
        3.456,
        -0.24,
        3.7,
        -0.24,
        1,
        3.889,
        -0.24,
        4.078,
        -1.937,
        4.267,
        -2.583
      ]
    },
    {
      "Target": "Parameter",
      "Id": "ParamCoatOverTurnR3",
      "Segments": [
        0,
        -9.927,
        1,
        0.2,
        -9.502,
        0.4,
        -7.381,
        0.6,
        -7.381,
        1,
        0.889,
        -7.381,
        1.178,
        -9.975,
        1.467,
        -9.975,
        1,
        1.678,
        -9.975,
        1.889,
        -7.738,
        2.1,
        -7.738,
        1,
        2.411,
        -7.738,
        2.722,
        -10,
        3.033,
        -10,
        1,
        3.289,
        -10,
        3.544,
        -0.192,
        3.8,
        -0.192,
        1,
        3.956,
        -0.192,
        4.111,
        -1.299,
        4.267,
        -2.104
      ]
    },
    {
      "Target": "Parameter",
      "Id": "ParamCoatOverTurnR4",
      "Segments": [
        0,
        -9.825,
        1,
        0.033,
        -9.935,
        0.067,
        -10,
        0.1,
        -10,
        1,
        0.311,
        -10,
        0.522,
        -6.429,
        0.733,
        -6.429,
        1,
        1.033,
        -6.429,
        1.333,
        -10,
        1.633,
        -10,
        1,
        1.844,
        -10,
        2.056,
        -6.833,
        2.267,
        -6.833,
        1,
        2.545,
        -6.833,
        2.822,
        -10,
        3.1,
        -10,
        1,
        3.356,
        -10,
        3.611,
        0,
        3.867,
        0,
        1,
        4,
        0,
        4.134,
        -0.809,
        4.267,
        -1.584
      ]
    },
    {
      "Target": "Parameter",
      "Id": "ParamRBeltFT",
      "Segments": [
        0,
        -9.734,
        1,
        0.033,
        -9.899,
        0.067,
        -10,
        0.1,
        -10,
        1,
        0.211,
        -10,
        0.322,
        0,
        0.433,
        0,
        1,
        0.6,
        0,
        0.766,
        -10,
        0.933,
        -10,
        1,
        1.122,
        -10,
        1.311,
        0,
        1.5,
        0,
        1,
        1.644,
        0,
        1.789,
        -10,
        1.933,
        -10,
        1,
        2.044,
        -10,
        2.156,
        0,
        2.267,
        0,
        1,
        2.4,
        0,
        2.534,
        -10,
        2.667,
        -10,
        1,
        2.922,
        -10,
        3.178,
        -8.53,
        3.433,
        -4.558,
        1,
        3.6,
        -1.968,
        3.766,
        0,
        3.933,
        0,
        1,
        4.044,
        0,
        4.156,
        -0.444,
        4.267,
        -0.99
      ]
    },
    {
      "Target": "Parameter",
      "Id": "Param_Angle_Rotation80",
      "Segments": [
        0,
        0.968,
        1,
        0.111,
        3.517,
        0.222,
        5.95,
        0.333,
        5.95,
        1,
        0.566,
        5.95,
        0.8,
        -4.921,
        1.033,
        -4.921,
        1,
        1.1,
        -4.921,
        1.166,
        -2.594,
        1.233,
        -2.594,
        1,
        1.255,
        -2.594,
        1.278,
        -2.755,
        1.3,
        -2.755,
        1,
        1.444,
        -2.755,
        1.589,
        5.05,
        1.733,
        5.05,
        1,
        1.766,
        5.05,
        1.8,
        3.84,
        1.833,
        3.84,
        1,
        1.889,
        3.84,
        1.944,
        5.874,
        2,
        5.874,
        1,
        2.267,
        5.874,
        2.533,
        -6.513,
        2.8,
        -6.513,
        1,
        2.956,
        -6.513,
        3.111,
        5.064,
        3.267,
        5.064,
        1,
        3.456,
        5.064,
        3.644,
        -1.815,
        3.833,
        -1.815,
        1,
        3.978,
        -1.815,
        4.122,
        -1.26,
        4.267,
        -0.63
      ]
    },
    {
      "Target": "Parameter",
      "Id": "Param_Angle_Rotation77",
      "Segments": [
        0,
        -0.598,
        1,
        0.022,
        -0.486,
        0.045,
        -0.401,
        0.067,
        -0.401,
        1,
        0.089,
        -0.401,
        0.111,
        -0.434,
        0.133,
        -0.434,
        1,
        0.189,
        -0.434,
        0.244,
        -0.009,
        0.3,
        -0.009,
        1,
        0.344,
        -0.009,
        0.389,
        -10,
        0.433,
        -10,
        1,
        0.533,
        -10,
        0.633,
        -3.567,
        0.733,
        -2.952,
        1,
        0.822,
        -2.405,
        0.911,
        -2.437,
        1,
        -2.096,
        1,
        1.056,
        -1.883,
        1.111,
        -1.7,
        1.167,
        -1.16,
        1,
        1.234,
        -0.512,
        1.3,
        1.58,
        1.367,
        1.58,
        1,
        1.467,
        1.58,
        1.567,
        -2.096,
        1.667,
        -2.096,
        1,
        1.722,
        -2.096,
        1.778,
        1.383,
        1.833,
        1.383,
        1,
        1.855,
        1.383,
        1.878,
        -4.291,
        1.9,
        -6.427,
        1,
        1.933,
        -9.631,
        1.967,
        -10,
        2,
        -10,
        1,
        2.067,
        -10,
        2.133,
        -5.222,
        2.2,
        -4.295,
        1,
        2.289,
        -3.059,
        2.378,
        -3.134,
        2.467,
        -1.826,
        1,
        2.578,
        -0.191,
        2.689,
        3.167,
        2.8,
        3.167,
        1,
        2.878,
        3.167,
        2.955,
        -2.985,
        3.033,
        -2.985,
        1,
        3.144,
        -2.985,
        3.256,
        2.163,
        3.367,
        2.163,
        1,
        3.534,
        2.163,
        3.7,
        -1.734,
        3.867,
        -1.734,
        1,
        4,
        -1.734,
        4.134,
        1.094,
        4.267,
        1.094
      ]
    },
    {
      "Target": "Parameter",
      "Id": "Param_Angle_Rotation78",
      "Segments": [
        0,
        -3.082,
        1,
        0.1,
        -3.008,
        0.2,
        -2.578,
        0.3,
        -1.405,
        1,
        0.322,
        -1.144,
        0.345,
        2.494,
        0.367,
        2.494,
        1,
        0.422,
        2.494,
        0.478,
        -2.248,
        0.533,
        -2.248,
        1,
        0.644,
        -2.248,
        0.756,
        -0.351,
        0.867,
        -0.351,
        1,
        0.934,
        -0.351,
        1,
        -2.792,
        1.067,
        -2.792,
        1,
        1.222,
        -2.792,
        1.378,
        0.778,
        1.533,
        0.778,
        1,
        1.611,
        0.778,
        1.689,
        -1.039,
        1.767,
        -1.039,
        1,
        1.789,
        -1.039,
        1.811,
        -1.083,
        1.833,
        -0.757,
        1,
        1.855,
        -0.431,
        1.878,
        3.083,
        1.9,
        3.083,
        1,
        1.956,
        3.083,
        2.011,
        -2.232,
        2.067,
        -2.232,
        1,
        2.178,
        -2.232,
        2.289,
        0.086,
        2.4,
        0.086,
        1,
        2.478,
        0.086,
        2.555,
        -3.341,
        2.633,
        -3.341,
        1,
        2.722,
        -3.341,
        2.811,
        1.097,
        2.9,
        1.097,
        1,
        2.989,
        1.097,
        3.078,
        -2.688,
        3.167,
        -2.688,
        1,
        3.289,
        -2.688,
        3.411,
        4.752,
        3.533,
        4.752,
        1,
        3.689,
        4.752,
        3.844,
        -3.312,
        4,
        -3.312,
        1,
        4.089,
        -3.312,
        4.178,
        -1.196,
        4.267,
        0.215
      ]
    },
    {
      "Target": "Parameter",
      "Id": "Param_Angle_Rotation79",
      "Segments": [
        0,
        -2.301,
        1,
        0.033,
        -2.774,
        0.067,
        -3.099,
        0.1,
        -3.099,
        1,
        0.189,
        -3.099,
        0.278,
        -2.372,
        0.367,
        -0.67,
        1,
        0.378,
        -0.458,
        0.389,
        -0.11,
        0.4,
        -0.11,
        1,
        0.489,
        -0.11,
        0.578,
        -5.434,
        0.667,
        -5.434,
        1,
        0.767,
        -5.434,
        0.867,
        1.331,
        0.967,
        1.331,
        1,
        1.045,
        1.331,
        1.122,
        0.21,
        1.2,
        0.21,
        1,
        1.344,
        0.21,
        1.489,
        1.217,
        1.633,
        1.217,
        1,
        1.722,
        1.217,
        1.811,
        -1.45,
        1.9,
        -1.45,
        1,
        1.911,
        -1.45,
        1.922,
        -0.808,
        1.933,
        -0.808,
        1,
        2.011,
        -0.808,
        2.089,
        -7,
        2.167,
        -7,
        1,
        2.256,
        -7,
        2.344,
        1.967,
        2.433,
        1.967,
        1,
        2.533,
        1.967,
        2.633,
        -3.236,
        2.733,
        -3.236,
        1,
        2.844,
        -3.236,
        2.956,
        1.471,
        3.067,
        1.471,
        1,
        3.156,
        1.471,
        3.244,
        -2.74,
        3.333,
        -2.74,
        1,
        3.455,
        -2.74,
        3.578,
        4.708,
        3.7,
        4.708,
        1,
        3.844,
        4.708,
        3.989,
        -3.962,
        4.133,
        -3.962,
        1,
        4.178,
        -3.962,
        4.222,
        -3.236,
        4.267,
        -2.268
      ]
    },
    {
      "Target": "Parameter",
      "Id": "Param_Angle_Rotation81",
      "Segments": [
        0,
        1.607,
        1,
        0.033,
        2.063,
        0.067,
        2.405,
        0.1,
        2.405,
        1,
        0.211,
        2.405,
        0.322,
        -3.485,
        0.433,
        -3.485,
        1,
        0.6,
        -3.485,
        0.766,
        2.362,
        0.933,
        2.362,
        1,
        1.122,
        2.362,
        1.311,
        -2.405,
        1.5,
        -2.405,
        1,
        1.644,
        -2.405,
        1.789,
        2.949,
        1.933,
        2.949,
        1,
        2.044,
        2.949,
        2.156,
        -3.124,
        2.267,
        -3.124,
        1,
        2.4,
        -3.124,
        2.534,
        3.846,
        2.667,
        3.846,
        1,
        2.8,
        3.846,
        2.934,
        -0.186,
        3.067,
        -4.682,
        1,
        3.189,
        -8.803,
        3.311,
        -9.773,
        3.433,
        -9.773,
        1,
        3.522,
        -9.773,
        3.611,
        -9.295,
        3.7,
        -5.236,
        1,
        3.811,
        -0.163,
        3.922,
        5.692,
        4.033,
        5.692,
        1,
        4.111,
        5.692,
        4.189,
        1.908,
        4.267,
        -1.245
      ]
    },
    {
      "Target": "Parameter",
      "Id": "Param_Angle_Rotation82",
      "Segments": [
        0,
        -1.269,
        1,
        0.111,
        -1.269,
        0.222,
        3.09,
        0.333,
        3.09,
        1,
        0.455,
        3.09,
        0.578,
        -3.222,
        0.7,
        -3.222,
        1,
        0.889,
        -3.222,
        1.078,
        2.059,
        1.267,
        2.059,
        1,
        1.445,
        2.059,
        1.622,
        -2.533,
        1.8,
        -2.533,
        1,
        1.9,
        -2.533,
        2,
        -0.631,
        2.1,
        -0.631,
        1,
        2.244,
        -0.631,
        2.389,
        -7.911,
        2.533,
        -7.911,
        1,
        2.666,
        -7.911,
        2.8,
        4.504,
        2.933,
        4.504,
        1,
        3.055,
        4.504,
        3.178,
        -0.423,
        3.3,
        -5.237,
        1,
        3.4,
        -9.175,
        3.5,
        -9.815,
        3.6,
        -9.815,
        1,
        3.7,
        -9.815,
        3.8,
        -9.535,
        3.9,
        -5.708,
        1,
        4.022,
        -1.03,
        4.145,
        4.728,
        4.267,
        5.655
      ]
    },
    {
      "Target": "Parameter",
      "Id": "ParamCoatOverTurnL1",
      "Segments": [
        0,
        8.575,
        1,
        0.122,
        8.113,
        0.245,
        7.628,
        0.367,
        7.628,
        1,
        0.689,
        7.628,
        1.011,
        9.71,
        1.333,
        9.71,
        1,
        1.466,
        9.71,
        1.6,
        7.71,
        1.733,
        7.71,
        1,
        2,
        7.71,
        2.266,
        10,
        2.533,
        10,
        1,
        2.711,
        10,
        2.889,
        10.176,
        3.067,
        8.31,
        1,
        3.267,
        6.209,
        3.467,
        0,
        3.667,
        0,
        1,
        3.745,
        0,
        3.822,
        0.807,
        3.9,
        0.807,
        1,
        4.022,
        0.807,
        4.145,
        0.585,
        4.267,
        0.375
      ]
    },
    {
      "Target": "Parameter",
      "Id": "ParamCoatOverTurnL2",
      "Segments": [
        0,
        8.509,
        1,
        0.189,
        8.058,
        0.378,
        7.064,
        0.567,
        7.064,
        1,
        0.878,
        7.064,
        1.189,
        9.385,
        1.5,
        9.385,
        1,
        1.656,
        9.385,
        1.811,
        7.699,
        1.967,
        7.699,
        1,
        2.211,
        7.699,
        2.456,
        9.972,
        2.7,
        9.972,
        1,
        2.889,
        9.972,
        3.078,
        9.75,
        3.267,
        7.027,
        1,
        3.467,
        4.143,
        3.667,
        0,
        3.867,
        0,
        1,
        4,
        0,
        4.134,
        0.654,
        4.267,
        0.981
      ]
    },
    {
      "Target": "Parameter",
      "Id": "ParamCoatOverTurnL3",
      "Segments": [
        0,
        8.878,
        1,
        0.267,
        8.746,
        0.533,
        7.099,
        0.8,
        7.099,
        1,
        1.1,
        7.099,
        1.4,
        8.732,
        1.7,
        8.732,
        1,
        1.844,
        8.732,
        1.989,
        7.643,
        2.133,
        7.643,
        1,
        2.355,
        7.643,
        2.578,
        10,
        2.8,
        10,
        1,
        3.167,
        10,
        3.533,
        0,
        3.9,
        0,
        1,
        4.022,
        0,
        4.145,
        0.171,
        4.267,
        0.314
      ]
    },
    {
      "Target": "Parameter",
      "Id": "ParamCoatOverTurnL4",
      "Segments": [
        0,
        8.843,
        1,
        0.044,
        9.004,
        0.089,
        9.165,
        0.133,
        9.165,
        1,
        0.344,
        9.165,
        0.556,
        7.643,
        0.767,
        7.643,
        1,
        1.134,
        7.643,
        1.5,
        9.11,
        1.867,
        9.11,
        1,
        2,
        9.11,
        2.134,
        7.667,
        2.267,
        7.667,
        1,
        2.467,
        7.667,
        2.667,
        10,
        2.867,
        10,
        1,
        3.022,
        10,
        3.178,
        9.405,
        3.333,
        6.76,
        1,
        3.555,
        2.982,
        3.778,
        0,
        4,
        0,
        1,
        4.089,
        0,
        4.178,
        0.243,
        4.267,
        0.376
      ]
    },
    {
      "Target": "Parameter",
      "Id": "ParamLBeltFT",
      "Segments": [
        0,
        10,
        1,
        0.178,
        10,
        0.355,
        3.524,
        0.533,
        3.524,
        1,
        0.811,
        3.524,
        1.089,
        10,
        1.367,
        10,
        1,
        1.6,
        10,
        1.834,
        4.071,
        2.067,
        4.071,
        1,
        2.189,
        4.071,
        2.311,
        8.952,
        2.433,
        8.952,
        1,
        2.578,
        8.952,
        2.722,
        8.151,
        2.867,
        6.5,
        1,
        3.245,
        2.183,
        3.622,
        0,
        4,
        0,
        1,
        4.089,
        0,
        4.178,
        0.114,
        4.267,
        0.265
      ]
    },
    {
      "Target": "Parameter",
      "Id": "Param_Angle_Rotation84",
      "Segments": [
        0,
        1.224,
        1,
        0.178,
        -1.482,
        0.355,
        -5.001,
        0.533,
        -5.001,
        1,
        0.8,
        -5.001,
        1.066,
        5.537,
        1.333,
        5.537,
        1,
        1.5,
        5.537,
        1.666,
        -10,
        1.833,
        -10,
        2,
        1.867,
        -10,
        1,
        1.978,
        -10,
        2.089,
        1.519,
        2.2,
        1.519,
        1,
        2.278,
        1.519,
        2.355,
        0.446,
        2.433,
        0.446,
        1,
        2.511,
        0.446,
        2.589,
        6.714,
        2.667,
        6.714,
        1,
        2.922,
        6.714,
        3.178,
        -5.146,
        3.433,
        -5.146,
        1,
        3.589,
        -5.146,
        3.744,
        2.146,
        3.9,
        2.146,
        1,
        4.022,
        2.146,
        4.145,
        1.634,
        4.267,
        1.012
      ]
    },
    {
      "Target": "Parameter",
      "Id": "Param_Angle_Rotation85",
      "Segments": [
        0,
        -0.785,
        1,
        0.044,
        -1.201,
        0.089,
        -1.575,
        0.133,
        -1.575,
        1,
        0.278,
        -1.575,
        0.422,
        -0.3,
        0.567,
        -0.3,
        1,
        0.634,
        -0.3,
        0.7,
        -2.819,
        0.767,
        -3.688,
        1,
        0.878,
        -5.138,
        0.989,
        -5.308,
        1.1,
        -5.308,
        1,
        1.267,
        -5.308,
        1.433,
        2.72,
        1.6,
        2.72,
        1,
        1.644,
        2.72,
        1.689,
        1.344,
        1.733,
        1.344,
        1,
        1.766,
        1.344,
        1.8,
        3.158,
        1.833,
        3.158,
        1,
        1.9,
        3.158,
        1.966,
        -7.184,
        2.033,
        -7.184,
        1,
        2.144,
        -7.184,
        2.256,
        4.838,
        2.367,
        4.838,
        1,
        2.456,
        4.838,
        2.544,
        -4.307,
        2.633,
        -4.307,
        1,
        2.711,
        -4.307,
        2.789,
        1.922,
        2.867,
        1.922,
        1,
        2.967,
        1.922,
        3.067,
        -0.725,
        3.167,
        -0.725,
        1,
        3.234,
        -0.725,
        3.3,
        0.608,
        3.367,
        0.608,
        1,
        3.467,
        0.608,
        3.567,
        -1.688,
        3.667,
        -1.688,
        1,
        3.767,
        -1.688,
        3.867,
        1.953,
        3.967,
        1.953,
        1,
        4.067,
        1.953,
        4.167,
        0.198,
        4.267,
        -0.68
      ]
    },
    {
      "Target": "Parameter",
      "Id": "Param_Angle_Rotation86",
      "Segments": [
        0,
        4.295,
        1,
        0.156,
        3.174,
        0.311,
        -5.229,
        0.467,
        -5.229,
        1,
        0.534,
        -5.229,
        0.6,
        -4.625,
        0.667,
        -4.625,
        1,
        0.756,
        -4.625,
        0.844,
        -5.016,
        0.933,
        -5.016,
        1,
        1.033,
        -5.016,
        1.133,
        3.397,
        1.233,
        3.397,
        1,
        1.311,
        3.397,
        1.389,
        -0.474,
        1.467,
        -0.474,
        1,
        1.545,
        -0.474,
        1.622,
        3.207,
        1.7,
        3.207,
        1,
        1.844,
        3.207,
        1.989,
        -7.762,
        2.133,
        -7.762,
        1,
        2.255,
        -7.762,
        2.378,
        6.365,
        2.5,
        6.365,
        1,
        2.6,
        6.365,
        2.7,
        -2.771,
        2.8,
        -2.771,
        1,
        2.9,
        -2.771,
        3,
        2.753,
        3.1,
        2.753,
        1,
        3.3,
        2.753,
        3.5,
        -2.484,
        3.7,
        -2.484,
        1,
        3.844,
        -2.484,
        3.989,
        3.264,
        4.133,
        3.264,
        1,
        4.178,
        3.264,
        4.222,
        2.632,
        4.267,
        1.828
      ]
    },
    {
      "Target": "Parameter",
      "Id": "Param_Angle_Rotation87",
      "Segments": [
        0,
        2.192,
        1,
        0.044,
        3.422,
        0.089,
        4.345,
        0.133,
        4.345,
        1,
        0.278,
        4.345,
        0.422,
        -5.13,
        0.567,
        -5.13,
        1,
        0.656,
        -5.13,
        0.744,
        -3.233,
        0.833,
        -3.233,
        1,
        0.889,
        -3.233,
        0.944,
        -3.753,
        1,
        -3.753,
        1,
        1.111,
        -3.753,
        1.222,
        2.261,
        1.333,
        2.261,
        1,
        1.422,
        2.261,
        1.511,
        -1.481,
        1.6,
        -1.481,
        1,
        1.711,
        -1.481,
        1.822,
        2.692,
        1.933,
        2.692,
        1,
        2.044,
        2.692,
        2.156,
        -6.919,
        2.267,
        -6.919,
        1,
        2.389,
        -6.919,
        2.511,
        6.299,
        2.633,
        6.299,
        1,
        2.755,
        6.299,
        2.878,
        -3.587,
        3,
        -3.587,
        1,
        3.1,
        -3.587,
        3.2,
        3.09,
        3.3,
        3.09,
        1,
        3.444,
        3.09,
        3.589,
        -2.755,
        3.733,
        -2.755,
        1,
        3.911,
        -2.755,
        4.089,
        3.3,
        4.267,
        3.3
      ]
    },
    {
      "Target": "Parameter",
      "Id": "Param_Angle_Rotation89",
      "Segments": [
        0,
        2.05,
        1,
        0.122,
        2.05,
        0.245,
        -2.978,
        0.367,
        -2.978,
        1,
        0.489,
        -2.978,
        0.611,
        2.16,
        0.733,
        2.16,
        1,
        0.833,
        2.16,
        0.933,
        -0.767,
        1.033,
        -0.767,
        1,
        1.111,
        -0.767,
        1.189,
        1.182,
        1.267,
        1.182,
        1,
        1.367,
        1.182,
        1.467,
        -1.714,
        1.567,
        -1.714,
        1,
        1.656,
        -1.714,
        1.744,
        1.79,
        1.833,
        1.79,
        1,
        1.844,
        1.79,
        1.856,
        1.786,
        1.867,
        1.786,
        1,
        1.878,
        1.786,
        1.889,
        1.868,
        1.9,
        1.868,
        1,
        2,
        1.868,
        2.1,
        -6.277,
        2.2,
        -6.277,
        1,
        2.311,
        -6.277,
        2.422,
        8,
        2.533,
        8,
        1,
        2.644,
        8,
        2.756,
        -8.618,
        2.867,
        -8.618,
        1,
        2.978,
        -8.618,
        3.089,
        6.926,
        3.2,
        6.926,
        1,
        3.311,
        6.926,
        3.422,
        -4.927,
        3.533,
        -4.927,
        1,
        3.678,
        -4.927,
        3.822,
        3.385,
        3.967,
        3.385,
        1,
        4.067,
        3.385,
        4.167,
        0.704,
        4.267,
        -1.441
      ]
    },
    {
      "Target": "Parameter",
      "Id": "Param_Angle_Rotation90",
      "Segments": [
        0,
        -0.305,
        1,
        0.078,
        0.789,
        0.155,
        2.612,
        0.233,
        2.612,
        1,
        0.355,
        2.612,
        0.478,
        -3.043,
        0.6,
        -3.043,
        1,
        0.722,
        -3.043,
        0.845,
        2.074,
        0.967,
        2.074,
        1,
        1.056,
        2.074,
        1.144,
        -1.073,
        1.233,
        -1.073,
        1,
        1.322,
        -1.073,
        1.411,
        1.61,
        1.5,
        1.61,
        1,
        1.589,
        1.61,
        1.678,
        -2.024,
        1.767,
        -2.024,
        1,
        1.889,
        -2.024,
        2.011,
        3.42,
        2.133,
        3.42,
        1,
        2.222,
        3.42,
        2.311,
        -6.679,
        2.4,
        -6.679,
        1,
        2.511,
        -6.679,
        2.622,
        8.443,
        2.733,
        8.443,
        1,
        2.855,
        8.443,
        2.978,
        -8.294,
        3.1,
        -8.294,
        1,
        3.211,
        -8.294,
        3.322,
        6.651,
        3.433,
        6.651,
        1,
        3.555,
        6.651,
        3.678,
        -4.708,
        3.8,
        -4.708,
        1,
        3.956,
        -4.708,
        4.111,
        2.263,
        4.267,
        3.192
      ]
    },
    {
      "Target": "Parameter",
      "Id": "ParamInnerUp",
      "Segments": [
        0,
        3.965,
        1,
        0.089,
        3.067,
        0.178,
        1.419,
        0.267,
        1.419,
        1,
        0.3,
        1.419,
        0.334,
        1.609,
        0.367,
        2.466,
        1,
        0.4,
        3.323,
        0.434,
        5.17,
        0.467,
        5.855,
        1,
        0.522,
        6.997,
        0.578,
        7.259,
        0.633,
        7.259,
        1,
        0.666,
        7.259,
        0.7,
        6.064,
        0.733,
        5.358,
        1,
        0.766,
        4.652,
        0.8,
        4.45,
        0.833,
        3.85,
        1,
        0.933,
        2.049,
        1.033,
        0.958,
        1.133,
        0.958,
        1,
        1.2,
        0.958,
        1.266,
        3.582,
        1.333,
        6.44,
        1,
        1.355,
        7.393,
        1.378,
        7.343,
        1.4,
        7.343,
        1,
        1.433,
        7.343,
        1.467,
        6.271,
        1.5,
        5.092,
        1,
        1.533,
        3.913,
        1.567,
        2.725,
        1.6,
        2.147,
        1,
        1.667,
        0.991,
        1.733,
        0.695,
        1.8,
        0.695,
        1,
        1.844,
        0.695,
        1.889,
        1.381,
        1.933,
        2.441,
        1,
        1.978,
        3.5,
        2.022,
        4.447,
        2.067,
        5.363,
        1,
        2.122,
        6.507,
        2.178,
        7.002,
        2.233,
        7.002,
        1,
        2.3,
        7.002,
        2.366,
        2.174,
        2.433,
        2.174,
        1,
        2.511,
        2.174,
        2.589,
        4.322,
        2.667,
        5.772,
        1,
        2.745,
        7.222,
        2.822,
        7.362,
        2.9,
        7.362,
        1,
        3.033,
        7.362,
        3.167,
        1.122,
        3.3,
        1.122,
        1,
        3.411,
        1.122,
        3.522,
        4.554,
        3.633,
        4.554,
        1,
        3.7,
        4.554,
        3.766,
        0.802,
        3.833,
        0.316,
        1,
        3.889,
        -0.09,
        3.944,
        0,
        4,
        0,
        2,
        4.2,
        0,
        1,
        4.222,
        0,
        4.245,
        0.126,
        4.267,
        0.277
      ]
    },
    {
      "Target": "Parameter",
      "Id": "ParamInnerLR",
      "Segments": [
        0,
        1.064,
        1,
        0.089,
        2.457,
        0.178,
        3.66,
        0.267,
        3.66,
        1,
        0.489,
        3.66,
        0.711,
        -3.591,
        0.933,
        -3.591,
        1,
        1.011,
        -3.591,
        1.089,
        -2.547,
        1.167,
        -2.547,
        1,
        1.2,
        -2.547,
        1.234,
        -2.747,
        1.267,
        -2.747,
        1,
        1.456,
        -2.747,
        1.644,
        10,
        1.833,
        10,
        2,
        1.867,
        10,
        1,
        1.978,
        10,
        2.089,
        -5.136,
        2.2,
        -5.136,
        1,
        2.289,
        -5.136,
        2.378,
        -0.841,
        2.467,
        -0.841,
        1,
        2.534,
        -0.841,
        2.6,
        -3.391,
        2.667,
        -3.391,
        1,
        2.9,
        -3.391,
        3.134,
        3.806,
        3.367,
        3.806,
        1,
        3.522,
        3.806,
        3.678,
        -3.801,
        3.833,
        -3.801,
        1,
        3.978,
        -3.801,
        4.122,
        -0.051,
        4.267,
        0.484
      ]
    },
    {
      "Target": "Parameter",
      "Id": "ParamSkirtYureLR",
      "Segments": [
        0,
        -0.126,
        1,
        0.1,
        -0.271,
        0.2,
        -0.403,
        0.3,
        -0.403,
        1,
        0.544,
        -0.403,
        0.789,
        0.452,
        1.033,
        0.452,
        1,
        1.278,
        0.452,
        1.522,
        -0.464,
        1.767,
        -0.464,
        1,
        2.022,
        -0.464,
        2.278,
        0.441,
        2.533,
        0.441,
        1,
        2.778,
        0.441,
        3.022,
        -0.553,
        3.267,
        -0.553,
        1,
        3.422,
        -0.553,
        3.578,
        0.748,
        3.733,
        0.748,
        1,
        3.911,
        0.748,
        4.089,
        -0.363,
        4.267,
        -0.363
      ]
    },
    {
      "Target": "Parameter",
      "Id": "ParamTrigerWalkLR",
      "Segments": [
        0,
        9.636,
        1,
        0.022,
        9.872,
        0.045,
        10,
        0.067,
        10,
        1,
        0.211,
        10,
        0.356,
        5.039,
        0.5,
        -2.055,
        1,
        0.622,
        -8.057,
        0.745,
        -10,
        0.867,
        -10,
        1,
        0.956,
        -10,
        1.044,
        -8.994,
        1.133,
        -5.619,
        1,
        1.211,
        -2.666,
        1.289,
        1.918,
        1.367,
        5.286,
        1,
        1.445,
        8.654,
        1.522,
        10,
        1.6,
        10,
        1,
        1.644,
        10,
        1.689,
        9.517,
        1.733,
        6.857,
        1,
        1.766,
        4.863,
        1.8,
        -2.452,
        1.833,
        -3.143,
        1,
        1.911,
        -4.755,
        1.989,
        -5.546,
        2.067,
        -6.905,
        1,
        2.178,
        -8.846,
        2.289,
        -10,
        2.4,
        -10,
        1,
        2.478,
        -10,
        2.555,
        -3.934,
        2.633,
        -0.524,
        1,
        2.7,
        2.399,
        2.766,
        3.336,
        2.833,
        5.476,
        1,
        2.922,
        8.33,
        3.011,
        10,
        3.1,
        10,
        1,
        3.222,
        10,
        3.345,
        3.955,
        3.467,
        -0.476,
        1,
        3.578,
        -4.505,
        3.689,
        -4.922,
        3.8,
        -4.922,
        1,
        3.956,
        -4.922,
        4.111,
        -1.886,
        4.267,
        0.644
      ]
    },
    {
      "Target": "Parameter",
      "Id": "ParamTrigerWalkUD",
      "Segments": [
        0,
        -10,
        1,
        0.133,
        -10,
        0.267,
        10,
        0.4,
        10,
        1,
        0.522,
        10,
        0.645,
        -10,
        0.767,
        -10,
        1,
        0.889,
        -10,
        1.011,
        10,
        1.133,
        10,
        1,
        1.255,
        10,
        1.378,
        -10,
        1.5,
        -10,
        1,
        1.622,
        -10,
        1.745,
        10,
        1.867,
        10,
        1,
        2,
        10,
        2.134,
        -10,
        2.267,
        -10,
        1,
        2.389,
        -10,
        2.511,
        10,
        2.633,
        10,
        1,
        2.755,
        10,
        2.878,
        -10,
        3,
        -10,
        1,
        3.122,
        -10,
        3.245,
        0,
        3.367,
        0,
        1,
        3.5,
        0,
        3.634,
        -10,
        3.767,
        -10,
        2,
        4.267,
        -10
      ]
    },
    {
      "Target": "Parameter",
      "Id": "ParamTrigerSkirtLR",
      "Segments": [
        0,
        50,
        1,
        0.256,
        50,
        0.511,
        60,
        0.767,
        60,
        1,
        1.011,
        60,
        1.256,
        50,
        1.5,
        50,
        1,
        1.756,
        50,
        2.011,
        60,
        2.267,
        60,
        1,
        2.511,
        60,
        2.756,
        50,
        3,
        50,
        1,
        3.144,
        50,
        3.289,
        56.678,
        3.433,
        56.678,
        1,
        3.544,
        56.678,
        3.656,
        50,
        3.767,
        50,
        2,
        4.267,
        50
      ]
    },
    {
      "Target": "Parameter",
      "Id": "ParamBGAlpha",
      "Segments": [
        0,
        0,
        2,
        3.067,
        0,
        1,
        3.3,
        0,
        3.534,
        1,
        3.767,
        1,
        2,
        4.267,
        1
      ]
    },
    {
      "Target": "Parameter",
      "Id": "Param_Angle_Rotation107",
      "Segments": [
        0,
        3.66,
        1,
        0.033,
        3.824,
        0.067,
        3.917,
        0.1,
        3.917,
        1,
        0.356,
        3.917,
        0.611,
        -3.568,
        0.867,
        -3.568,
        1,
        1.122,
        -3.568,
        1.378,
        3.917,
        1.633,
        3.917,
        1,
        1.778,
        3.917,
        1.922,
        -3.427,
        2.067,
        -3.427,
        1,
        2.145,
        -3.427,
        2.222,
        -3.007,
        2.3,
        -3.007,
        1,
        2.356,
        -3.007,
        2.411,
        -3.251,
        2.467,
        -3.251,
        1,
        2.689,
        -3.251,
        2.911,
        3.917,
        3.133,
        3.917,
        1,
        3.333,
        3.917,
        3.533,
        -2.106,
        3.733,
        -2.106,
        1,
        3.911,
        -2.106,
        4.089,
        -0.732,
        4.267,
        0.388
      ]
    },
    {
      "Target": "Parameter",
      "Id": "Param_Angle_Rotation108",
      "Segments": [
        0,
        0.349,
        1,
        0.1,
        2.177,
        0.2,
        3.838,
        0.3,
        3.838,
        1,
        0.5,
        3.838,
        0.7,
        -5.361,
        0.9,
        -5.361,
        1,
        0.989,
        -5.361,
        1.078,
        -1.706,
        1.167,
        -1.706,
        1,
        1.234,
        -1.706,
        1.3,
        -4.058,
        1.367,
        -4.058,
        1,
        1.545,
        -4.058,
        1.722,
        5.71,
        1.9,
        5.71,
        1,
        1.989,
        5.71,
        2.078,
        -5.617,
        2.167,
        -5.617,
        1,
        2.267,
        -5.617,
        2.367,
        3.228,
        2.467,
        3.228,
        1,
        2.556,
        3.228,
        2.644,
        -5.129,
        2.733,
        -5.129,
        1,
        2.833,
        -5.129,
        2.933,
        3.531,
        3.033,
        3.531,
        1,
        3.111,
        3.531,
        3.189,
        1.438,
        3.267,
        1.438,
        1,
        3.322,
        1.438,
        3.378,
        2.116,
        3.433,
        2.116,
        1,
        3.555,
        2.116,
        3.678,
        -5.815,
        3.8,
        -5.815,
        1,
        3.922,
        -5.815,
        4.045,
        1.081,
        4.167,
        1.081,
        1,
        4.2,
        1.081,
        4.234,
        0.739,
        4.267,
        0.348
      ]
    },
    {
      "Target": "Parameter",
      "Id": "Param_Angle_Rotation109",
      "Segments": [
        0,
        -0.099,
        1,
        0.089,
        1.89,
        0.178,
        3.88,
        0.267,
        3.88,
        1,
        0.522,
        3.88,
        0.778,
        -4.813,
        1.033,
        -4.813,
        1,
        1.133,
        -4.813,
        1.233,
        -1.682,
        1.333,
        -1.682,
        1,
        1.389,
        -1.682,
        1.444,
        -2.316,
        1.5,
        -2.316,
        1,
        1.644,
        -2.316,
        1.789,
        5.71,
        1.933,
        5.71,
        1,
        2.066,
        5.71,
        2.2,
        -5.617,
        2.333,
        -5.617,
        1,
        2.433,
        -5.617,
        2.533,
        2.758,
        2.633,
        2.758,
        1,
        2.722,
        2.758,
        2.811,
        -3.389,
        2.9,
        -3.389,
        1,
        3.022,
        -3.389,
        3.145,
        3.453,
        3.267,
        3.453,
        1,
        3.489,
        3.453,
        3.711,
        -4.89,
        3.933,
        -4.89,
        1,
        4.044,
        -4.89,
        4.156,
        0.579,
        4.267,
        1.573
      ]
    },
    {
      "Target": "Parameter",
      "Id": "Param_Angle_Rotation110",
      "Segments": [
        0,
        -1.772,
        1,
        0.111,
        -0.041,
        0.222,
        2.989,
        0.333,
        2.989,
        1,
        0.611,
        2.989,
        0.889,
        -3.395,
        1.167,
        -3.395,
        1,
        1.267,
        -3.395,
        1.367,
        -0.229,
        1.467,
        -0.229,
        1,
        1.534,
        -0.229,
        1.6,
        -1.335,
        1.667,
        -1.335,
        1,
        1.8,
        -1.335,
        1.934,
        7.832,
        2.067,
        7.832,
        1,
        2.189,
        7.832,
        2.311,
        -5.063,
        2.433,
        -5.063,
        1,
        2.544,
        -5.063,
        2.656,
        7.019,
        2.767,
        7.019,
        1,
        2.867,
        7.019,
        2.967,
        -2.966,
        3.067,
        -2.966,
        1,
        3.178,
        -2.966,
        3.289,
        2.767,
        3.4,
        2.767,
        1,
        3.622,
        2.767,
        3.845,
        -0.384,
        4.067,
        -0.384,
        1,
        4.134,
        -0.384,
        4.2,
        0.356,
        4.267,
        1.029
      ]
    },
    {
      "Target": "Parameter",
      "Id": "Param_Angle_Rotation103",
      "Segments": [
        0,
        -2.657,
        1,
        0.033,
        -2.785,
        0.067,
        -2.858,
        0.1,
        -2.858,
        1,
        0.356,
        -2.858,
        0.611,
        2.234,
        0.867,
        2.234,
        1,
        1.111,
        2.234,
        1.356,
        -2.858,
        1.6,
        -2.858,
        1,
        1.778,
        -2.858,
        1.955,
        2.234,
        2.133,
        2.234,
        1,
        2.189,
        2.234,
        2.244,
        1.999,
        2.3,
        1.999,
        1,
        2.356,
        1.999,
        2.411,
        2.175,
        2.467,
        2.175,
        1,
        2.689,
        2.175,
        2.911,
        -2.858,
        3.133,
        -2.858,
        1,
        3.333,
        -2.858,
        3.533,
        1.349,
        3.733,
        1.349,
        1,
        3.911,
        1.349,
        4.089,
        0.359,
        4.267,
        -0.449
      ]
    },
    {
      "Target": "Parameter",
      "Id": "Param_Angle_Rotation104",
      "Segments": [
        0,
        -0.541,
        1,
        0.1,
        -3.373,
        0.2,
        -5.948,
        0.3,
        -5.948,
        1,
        0.5,
        -5.948,
        0.7,
        8.308,
        0.9,
        8.308,
        1,
        1.211,
        8.308,
        1.522,
        -5.639,
        1.833,
        -5.639,
        1,
        1.944,
        -5.639,
        2.056,
        7.265,
        2.167,
        7.265,
        1,
        2.267,
        7.265,
        2.367,
        -4.785,
        2.467,
        -4.785,
        1,
        2.567,
        -4.785,
        2.667,
        7.305,
        2.767,
        7.305,
        1,
        2.856,
        7.305,
        2.944,
        -5.322,
        3.033,
        -5.322,
        1,
        3.111,
        -5.322,
        3.189,
        -1.615,
        3.267,
        -1.615,
        1,
        3.322,
        -1.615,
        3.378,
        -2.815,
        3.433,
        -2.815,
        1,
        3.555,
        -2.815,
        3.678,
        2.289,
        3.8,
        2.289,
        1,
        3.922,
        2.289,
        4.045,
        -1.676,
        4.167,
        -1.676,
        1,
        4.2,
        -1.676,
        4.234,
        -1.145,
        4.267,
        -0.539
      ]
    },
    {
      "Target": "Parameter",
      "Id": "Param_Angle_Rotation105",
      "Segments": [
        0,
        0.157,
        1,
        0.089,
        -2.99,
        0.178,
        -6.137,
        0.267,
        -6.137,
        1,
        0.522,
        -6.137,
        0.778,
        7.613,
        1.033,
        7.613,
        1,
        1.322,
        7.613,
        1.611,
        -5.129,
        1.9,
        -5.129,
        1,
        2.033,
        -5.129,
        2.167,
        5.412,
        2.3,
        5.412,
        1,
        2.411,
        5.412,
        2.522,
        -4.016,
        2.633,
        -4.016,
        1,
        2.722,
        -4.016,
        2.811,
        2.84,
        2.9,
        2.84,
        1,
        3.022,
        2.84,
        3.145,
        -3.478,
        3.267,
        -3.478,
        1,
        3.489,
        -3.478,
        3.711,
        1.37,
        3.933,
        1.37,
        1,
        4.044,
        1.37,
        4.156,
        -0.368,
        4.267,
        -0.684
      ]
    },
    {
      "Target": "Parameter",
      "Id": "Param_Angle_Rotation106",
      "Segments": [
        0,
        3.281,
        1,
        0.111,
        0.075,
        0.222,
        -5.534,
        0.333,
        -5.534,
        1,
        0.611,
        -5.534,
        0.889,
        3.167,
        1.167,
        3.167,
        1,
        1.267,
        3.167,
        1.367,
        0.425,
        1.467,
        0.425,
        1,
        1.534,
        0.425,
        1.6,
        2.472,
        1.667,
        2.472,
        1,
        1.8,
        2.472,
        1.934,
        -4.928,
        2.067,
        -4.928,
        1,
        2.2,
        -4.928,
        2.334,
        5.46,
        2.467,
        5.46,
        1,
        2.578,
        5.46,
        2.689,
        -4.928,
        2.8,
        -4.928,
        1,
        2.9,
        -4.928,
        3,
        5.46,
        3.1,
        5.46,
        1,
        3.222,
        5.46,
        3.345,
        -4.928,
        3.467,
        -4.928,
        1,
        3.667,
        -4.928,
        3.867,
        1.642,
        4.067,
        1.642,
        1,
        4.134,
        1.642,
        4.2,
        0.858,
        4.267,
        0.145
      ]
    },
    {
      "Target": "Parameter",
      "Id": "ParamCameraY",
      "Segments": [
        0,
        -30,
        0,
        4.27,
        -30
      ]
    },
    {
      "Target": "Parameter",
      "Id": "ParamCameraAngel",
      "Segments": [
        0,
        4.6,
        0,
        4.27,
        4.6
      ]
    },
    {
      "Target": "Parameter",
      "Id": "ParamCameraScale",
      "Segments": [
        0,
        -30,
        0,
        4.27,
        -30
      ]
    },
    {
      "Target": "Parameter",
      "Id": "ParamCamera2AngelX",
      "Segments": [
        0,
        -3.7,
        0,
        4.27,
        -3.7
      ]
    },
    {
      "Target": "Parameter",
      "Id": "ParamCamera2Y",
      "Segments": [
        0,
        -30,
        0,
        4.27,
        -30
      ]
    },
    {
      "Target": "Parameter",
      "Id": "ParamCamera2Angel",
      "Segments": [
        0,
        4.6,
        0,
        4.27,
        4.6
      ]
    },
    {
      "Target": "Parameter",
      "Id": "ParamCamera2Scale",
      "Segments": [
        0,
        -30,
        0,
        4.27,
        -30
      ]
    },
    {
      "Target": "Parameter",
      "Id": "ParamCamera2PositionX",
      "Segments": [
        0,
        0,
        0,
        4.27,
        0
      ]
    },
    {
      "Target": "Parameter",
      "Id": "ParamCamera2PositionY",
      "Segments": [
        0,
        0,
        0,
        4.27,
        0
      ]
    },
    {
      "Target": "Parameter",
      "Id": "ParamCamera2Alpha",
      "Segments": [
        0,
        0,
        0,
        4.27,
        0
      ]
    },
    {
      "Target": "Parameter",
      "Id": "ParamHeadPositionOffsetX",
      "Segments": [
        0,
        0,
        0,
        4.27,
        0
      ]
    },
    {
      "Target": "Parameter",
      "Id": "ParamParamHeadPositionOffsetY",
      "Segments": [
        0,
        0,
        0,
        4.27,
        0
      ]
    },
    {
      "Target": "Parameter",
      "Id": "ParamAngleZ",
      "Segments": [
        0,
        0,
        0,
        4.27,
        0
      ]
    },
    {
      "Target": "Parameter",
      "Id": "ParamEyeLSmile",
      "Segments": [
        0,
        0,
        0,
        4.27,
        0
      ]
    },
    {
      "Target": "Parameter",
      "Id": "ParamEyeRSmile",
      "Segments": [
        0,
        0,
        0,
        4.27,
        0
      ]
    },
    {
      "Target": "Parameter",
      "Id": "ParamUruUru",
      "Segments": [
        0,
        0,
        0,
        4.27,
        0
      ]
    },
    {
      "Target": "Parameter",
      "Id": "ParamEyeBallY",
      "Segments": [
        0,
        0,
        0,
        4.27,
        0
      ]
    },
    {
      "Target": "Parameter",
      "Id": "ParamEyeBallLOffsetX",
      "Segments": [
        0,
        1,
        0,
        4.27,
        1
      ]
    },
    {
      "Target": "Parameter",
      "Id": "ParamEyeBallScale",
      "Segments": [
        0,
        0,
        0,
        4.27,
        0
      ]
    },
    {
      "Target": "Parameter",
      "Id": "ParamBrowLX",
      "Segments": [
        0,
        0,
        0,
        4.27,
        0
      ]
    },
    {
      "Target": "Parameter",
      "Id": "ParamBrowRX",
      "Segments": [
        0,
        0,
        0,
        4.27,
        0
      ]
    },
    {
      "Target": "Parameter",
      "Id": "ParamBrowLAngle",
      "Segments": [
        0,
        0,
        0,
        4.27,
        0
      ]
    },
    {
      "Target": "Parameter",
      "Id": "ParamBrowRAngle",
      "Segments": [
        0,
        0,
        0,
        4.27,
        0
      ]
    },
    {
      "Target": "Parameter",
      "Id": "ParamBrowLForm",
      "Segments": [
        0,
        0,
        0,
        4.27,
        0
      ]
    },
    {
      "Target": "Parameter",
      "Id": "ParamBrowRForm",
      "Segments": [
        0,
        0,
        0,
        4.27,
        0
      ]
    },
    {
      "Target": "Parameter",
      "Id": "ParamMouthOpenY",
      "Segments": [
        0,
        0,
        0,
        4.27,
        0
      ]
    },
    {
      "Target": "Parameter",
      "Id": "ParamTeethAlpha",
      "Segments": [
        0,
        0,
        0,
        4.27,
        0
      ]
    },
    {
      "Target": "Parameter",
      "Id": "ParamTeethLightAlpha",
      "Segments": [
        0,
        0,
        0,
        4.27,
        0
      ]
    },
    {
      "Target": "Parameter",
      "Id": "ParamTeethLightAngel",
      "Segments": [
        0,
        0,
        0,
        4.27,
        0
      ]
    },
    {
      "Target": "Parameter",
      "Id": "ParamCheek",
      "Segments": [
        0,
        0,
        0,
        4.27,
        0
      ]
    },
    {
      "Target": "Parameter",
      "Id": "ParamBodyAngleX",
      "Segments": [
        0,
        0,
        0,
        4.27,
        0
      ]
    },
    {
      "Target": "Parameter",
      "Id": "ParamBodyAngleY",
      "Segments": [
        0,
        0,
        0,
        4.27,
        0
      ]
    },
    {
      "Target": "Parameter",
      "Id": "ParamBodyUpperAngelY",
      "Segments": [
        0,
        0,
        0,
        4.27,
        0
      ]
    },
    {
      "Target": "Parameter",
      "Id": "ParamShoulderRUp2",
      "Segments": [
        0,
        10,
        0,
        4.27,
        10
      ]
    },
    {
      "Target": "Parameter",
      "Id": "ParamBreath",
      "Segments": [
        0,
        0,
        0,
        4.27,
        0
      ]
    },
    {
      "Target": "Parameter",
      "Id": "ParamBodyUpperMainZheng",
      "Segments": [
        0,
        10,
        0,
        4.27,
        10
      ]
    },
    {
      "Target": "Parameter",
      "Id": "ParamLirAlpha",
      "Segments": [
        0,
        0,
        0,
        4.27,
        0
      ]
    },
    {
      "Target": "Parameter",
      "Id": "ParamShoudaorAlpha",
      "Segments": [
        0,
        0,
        0,
        4.27,
        0
      ]
    },
    {
      "Target": "Parameter",
      "Id": "ParamYaoqingRAlpha",
      "Segments": [
        0,
        0,
        0,
        4.27,
        0
      ]
    },
    {
      "Target": "Parameter",
      "Id": "ParamChixiangjiLAlpha",
      "Segments": [
        0,
        0,
        0,
        4.27,
        0
      ]
    },
    {
      "Target": "Parameter",
      "Id": "ParamHRYaoqing",
      "Segments": [
        0,
        0,
        0,
        4.27,
        0
      ]
    },
    {
      "Target": "Parameter",
      "Id": "ParamLirXmzWmz",
      "Segments": [
        0,
        10,
        0,
        4.27,
        10
      ]
    },
    {
      "Target": "Parameter",
      "Id": "ParamLirSzAngel",
      "Segments": [
        0,
        10,
        0,
        4.27,
        10
      ]
    },
    {
      "Target": "Parameter",
      "Id": "ParamLirDmzAngel",
      "Segments": [
        0,
        10,
        0,
        4.27,
        10
      ]
    },
    {
      "Target": "Parameter",
      "Id": "ParamLirSzZzAngel",
      "Segments": [
        0,
        10,
        0,
        4.27,
        10
      ]
    },
    {
      "Target": "Parameter",
      "Id": "ParamHLDShizhi",
      "Segments": [
        0,
        0,
        0,
        4.27,
        0
      ]
    },
    {
      "Target": "Parameter",
      "Id": "ParamHLDZhongzhi",
      "Segments": [
        0,
        0,
        0,
        4.27,
        0
      ]
    },
    {
      "Target": "Parameter",
      "Id": "ParamHLDXiaozhi",
      "Segments": [
        0,
        0,
        0,
        4.27,
        0
      ]
    },
    {
      "Target": "Parameter",
      "Id": "ParamHairSide",
      "Segments": [
        0,
        0,
        0,
        4.27,
        0
      ]
    },
    {
      "Target": "Parameter",
      "Id": "ParamHairBack",
      "Segments": [
        0,
        0,
        0,
        4.27,
        0
      ]
    },
    {
      "Target": "PartOpacity",
      "Id": "PartMain",
      "Segments": [
        0,
        1,
        0,
        4.27,
        1
      ]
    },
    {
      "Target": "PartOpacity",
      "Id": "PartCameraLight",
      "Segments": [
        0,
        0,
        0,
        4.27,
        0
      ]
    },
    {
      "Target": "PartOpacity",
      "Id": "PartStar",
      "Segments": [
        0,
        0,
        0,
        4.27,
        0
      ]
    },
    {
      "Target": "PartOpacity",
      "Id": "PartYellowLight",
      "Segments": [
        0,
        0,
        0,
        4.27,
        0
      ]
    },
    {
      "Target": "PartOpacity",
      "Id": "PartFace",
      "Segments": [
        0,
        1,
        0,
        4.27,
        1
      ]
    },
    {
      "Target": "PartOpacity",
      "Id": "PartTeethLight",
      "Segments": [
        0,
        0,
        0,
        4.27,
        0
      ]
    },
    {
      "Target": "PartOpacity",
      "Id": "PartMouthKF",
      "Segments": [
        0,
        0,
        0,
        4.27,
        0
      ]
    },
    {
      "Target": "PartOpacity",
      "Id": "PartMouth",
      "Segments": [
        0,
        1,
        0,
        4.27,
        1
      ]
    },
    {
      "Target": "PartOpacity",
      "Id": "PartArmR",
      "Segments": [
        0,
        1,
        0,
        4.27,
        1
      ]
    },
    {
      "Target": "PartOpacity",
      "Id": "PartHandRDiyao",
      "Segments": [
        0,
        0,
        0,
        4.27,
        0
      ]
    },
    {
      "Target": "PartOpacity",
      "Id": "PartHandRXiachui",
      "Segments": [
        0,
        0,
        0,
        4.27,
        0
      ]
    },
    {
      "Target": "PartOpacity",
      "Id": "PartHandRGualian",
      "Segments": [
        0,
        0,
        0,
        4.27,
        0
      ]
    },
    {
      "Target": "PartOpacity",
      "Id": "PartHandNaxin",
      "Segments": [
        0,
        0,
        0,
        4.27,
        0
      ]
    },
    {
      "Target": "PartOpacity",
      "Id": "PartHandRZhanshi",
      "Segments": [
        0,
        0,
        0,
        4.27,
        0
      ]
    },
    {
      "Target": "PartOpacity",
      "Id": "PartHandRBao",
      "Segments": [
        0,
        0,
        0,
        4.27,
        0
      ]
    },
    {
      "Target": "PartOpacity",
      "Id": "PartHandRWoquan",
      "Segments": [
        0,
        0,
        0,
        4.27,
        0
      ]
    },
    {
      "Target": "PartOpacity",
      "Id": "PartHandRYaoqing",
      "Segments": [
        0,
        0,
        0,
        4.27,
        0
      ]
    },
    {
      "Target": "PartOpacity",
      "Id": "PartHandRShoudao",
      "Segments": [
        0,
        0,
        0,
        4.27,
        0
      ]
    },
    {
      "Target": "PartOpacity",
      "Id": "PartHandRJXJ",
      "Segments": [
        0,
        0,
        0,
        4.27,
        0
      ]
    },
    {
      "Target": "PartOpacity",
      "Id": "PartHandRXingli",
      "Segments": [
        0,
        0,
        0,
        4.27,
        0
      ]
    },
    {
      "Target": "PartOpacity",
      "Id": "PartHandRDefaultWk",
      "Segments": [
        0,
        0,
        0,
        4.27,
        0
      ]
    },
    {
      "Target": "PartOpacity",
      "Id": "PartCamera03Layer",
      "Segments": [
        0,
        0,
        0,
        4.27,
        0
      ]
    },
    {
      "Target": "PartOpacity",
      "Id": "PartBodyUpper",
      "Segments": [
        0,
        1,
        0,
        4.27,
        1
      ]
    },
    {
      "Target": "PartOpacity",
      "Id": "PartCamera",
      "Segments": [
        0,
        0,
        0,
        4.27,
        0
      ]
    },
    {
      "Target": "PartOpacity",
      "Id": "PartArmL",
      "Segments": [
        0,
        1,
        0,
        4.27,
        1
      ]
    },
    {
      "Target": "PartOpacity",
      "Id": "PartArmForeLLayer",
      "Segments": [
        0,
        1,
        0,
        4.27,
        1
      ]
    },
    {
      "Target": "PartOpacity",
      "Id": "PartHandLJXJ",
      "Segments": [
        0,
        0,
        0,
        4.27,
        0
      ]
    },
    {
      "Target": "PartOpacity",
      "Id": "PartHandLZoulu2",
      "Segments": [
        0,
        0,
        0,
        4.27,
        0
      ]
    }
  ],
  "UserData": [
    {
      "Time": 3.77,
      "Value": ""
    }
  ]
}