{
  "Version": 3,
  "Meta": {
    "Duration": 4.0,
    "Fps": 30.0,
    "Loop": false,
    "AreBeziersRestricted": true,
    "CurveCount": 164,
    "TotalSegmentCount": 871,
    "TotalPointCount": 2377,
    "UserDataCount": 1,
    "TotalUserDataSize": 0
  },
  "Curves": [
    {
      "Target": "Model",
      "Id": "LipSync",
      "Segments": [
        0,
        0,
        2,
        0.467,
        0,
        1,
        0.478,
        0,
        0.489,
        -0.033,
        0.5,
        0.114,
        1,
        0.522,
        0.406,
        0.545,
        0.988,
        0.567,
        0.988,
        1,
        0.589,
        0.988,
        0.611,
        0.839,
        0.633,
        0.839,
        1,
        0.655,
        0.839,
        0.678,
        0.976,
        0.7,
        0.976,
        1,
        0.744,
        0.976,
        0.789,
        0.467,
        0.833,
        0.467,
        1,
        0.855,
        0.467,
        0.878,
        0.941,
        0.9,
        0.941,
        1,
        0.922,
        0.941,
        0.945,
        0.749,
        0.967,
        0.749,
        1,
        1.011,
        0.749,
        1.056,
        0.918,
        1.1,
        0.918,
        1,
        1.122,
        0.918,
        1.145,
        0.549,
        1.167,
        0.549,
        1,
        1.211,
        0.549,
        1.256,
        0.8,
        1.3,
        0.8,
        1,
        1.411,
        0.8,
        1.522,
        0,
        1.633,
        0,
        1,
        1.678,
        0,
        1.722,
        0.553,
        1.767,
        0.553,
        1,
        1.789,
        0.553,
        1.811,
        0.345,
        1.833,
        0.345,
        1,
        1.855,
        0.345,
        1.878,
        0.784,
        1.9,
        0.784,
        1,
        1.967,
        0.784,
        2.033,
        0.004,
        2.1,
        0.004,
        1,
        2.144,
        0.004,
        2.189,
        0.047,
        2.233,
        0.047,
        1,
        2.278,
        0.047,
        2.322,
        0,
        2.367,
        0,
        1,
        2.411,
        0,
        2.456,
        0.918,
        2.5,
        0.918,
        1,
        2.522,
        0.918,
        2.545,
        0.165,
        2.567,
        0.165,
        1,
        2.611,
        0.165,
        2.656,
        0.694,
        2.7,
        0.694,
        1,
        2.767,
        0.694,
        2.833,
        0.31,
        2.9,
        0.31,
        1,
        2.944,
        0.31,
        2.989,
        0.808,
        3.033,
        0.808,
        1,
        3.078,
        0.808,
        3.122,
        0.459,
        3.167,
        0.459,
        1,
        3.189,
        0.459,
        3.211,
        0.894,
        3.233,
        0.894,
        1,
        3.278,
        0.894,
        3.322,
        0.114,
        3.367,
        0.114,
        1,
        3.389,
        0.114,
        3.411,
        0.847,
        3.433,
        0.847,
        1,
        3.522,
        0.847,
        3.611,
        0.125,
        3.7,
        0.125,
        1,
        3.744,
        0.125,
        3.789,
        0.855,
        3.833,
        0.855,
        1,
        3.855,
        0.855,
        3.878,
        0.082,
        3.9,
        0.082,
        1,
        3.922,
        0.082,
        3.945,
        0.655,
        3.967,
        0.655,
        1,
        3.978,
        0.655,
        3.989,
        0.647,
        4,
        0.639
      ]
    },
    {
      "Target": "Parameter",
      "Id": "ParamCameraY",
      "Segments": [
        0,
        -30,
        2,
        0.6,
        -30,
        1,
        0.756,
        -30,
        0.911,
        0,
        1.067,
        0,
        1,
        1.878,
        0,
        2.689,
        -30,
        3.5,
        -30,
        2,
        4,
        -30
      ]
    },
    {
      "Target": "Parameter",
      "Id": "ParamCameraAngel",
      "Segments": [
        0,
        4.6,
        2,
        0.6,
        4.6,
        1,
        0.756,
        4.6,
        0.911,
        5.657,
        1.067,
        8,
        1,
        1.078,
        8.167,
        1.089,
        8.512,
        1.1,
        9,
        1,
        1.322,
        18.752,
        1.545,
        24,
        1.767,
        24,
        1,
        2.011,
        24,
        2.256,
        23.78,
        2.5,
        22.964,
        1,
        2.578,
        22.705,
        2.655,
        22.267,
        2.733,
        21.144,
        1,
        2.844,
        19.54,
        2.956,
        8.385,
        3.067,
        6.764,
        1,
        3.211,
        4.658,
        3.356,
        4.6,
        3.5,
        4.6,
        2,
        4,
        4.6
      ]
    },
    {
      "Target": "Parameter",
      "Id": "ParamCameraPositionX",
      "Segments": [
        0,
        0,
        1,
        0.356,
        0,
        0.711,
        1,
        1.067,
        1,
        1,
        1.078,
        1,
        1.089,
        0,
        1.1,
        0,
        1,
        1.322,
        0,
        1.545,
        3,
        1.767,
        3,
        1,
        2.345,
        3,
        2.922,
        0,
        3.5,
        0,
        2,
        4,
        0
      ]
    },
    {
      "Target": "Parameter",
      "Id": "ParamCameraPositionY",
      "Segments": [
        0,
        0,
        2,
        1.067,
        0,
        1,
        1.078,
        0,
        1.089,
        2,
        1.1,
        2,
        1,
        1.322,
        2,
        1.545,
        -2,
        1.767,
        -2,
        1,
        2.345,
        -2,
        2.922,
        0,
        3.5,
        0,
        2,
        4,
        0
      ]
    },
    {
      "Target": "Parameter",
      "Id": "ParamCamera2AngelX",
      "Segments": [
        0,
        -3.7,
        2,
        1.1,
        -3.7,
        1,
        1.322,
        36.2,
        1.545,
        76.1,
        1.767,
        116,
        1,
        2.345,
        76.1,
        2.922,
        36.2,
        3.5,
        -3.7,
        2,
        4,
        -3.7
      ]
    },
    {
      "Target": "Parameter",
      "Id": "ParamCamera2Y",
      "Segments": [
        0,
        0,
        2,
        1.1,
        0,
        1,
        1.9,
        0,
        2.7,
        -30,
        3.5,
        -30,
        2,
        4,
        -30
      ]
    },
    {
      "Target": "Parameter",
      "Id": "ParamCamera2Angel",
      "Segments": [
        0,
        0,
        2,
        1.1,
        0,
        1,
        1.9,
        0,
        2.7,
        4.6,
        3.5,
        4.6,
        2,
        4,
        4.6
      ]
    },
    {
      "Target": "Parameter",
      "Id": "ParamCamera2PositionX",
      "Segments": [
        0,
        0,
        2,
        1.1,
        0,
        1,
        1.322,
        0,
        1.545,
        -8,
        1.767,
        -8,
        1,
        2.345,
        -8,
        2.922,
        0,
        3.5,
        0,
        2,
        4,
        0
      ]
    },
    {
      "Target": "Parameter",
      "Id": "ParamCamera2PositionY",
      "Segments": [
        0,
        2.335,
        2,
        1.1,
        2.335,
        1,
        1.222,
        21.523,
        1.345,
        23,
        1.467,
        23,
        1,
        1.534,
        23,
        1.6,
        22.032,
        1.667,
        17.928,
        1,
        1.711,
        15.193,
        1.756,
        5.656,
        1.8,
        5.265,
        1,
        1.933,
        4.09,
        2.067,
        3.064,
        2.2,
        2.493,
        1,
        2.633,
        0.637,
        3.067,
        0,
        3.5,
        0,
        2,
        4,
        0
      ]
    },
    {
      "Target": "Parameter",
      "Id": "ParamCamera1Alpha",
      "Segments": [
        0,
        1,
        2,
        1.067,
        1,
        1,
        1.078,
        1,
        1.089,
        0,
        1.1,
        0,
        2,
        1.767,
        0,
        1,
        1.778,
        0,
        1.789,
        1,
        1.8,
        1,
        2,
        3.5,
        1,
        2,
        4,
        1
      ]
    },
    {
      "Target": "Parameter",
      "Id": "ParamCamera2Alpha",
      "Segments": [
        0,
        0,
        2,
        1.067,
        0,
        2,
        1.1,
        1,
        2,
        1.767,
        1,
        1,
        1.778,
        1,
        1.789,
        0,
        1.8,
        0,
        2,
        3.5,
        0,
        2,
        4,
        0
      ]
    },
    {
      "Target": "Parameter",
      "Id": "ParamAngleX",
      "Segments": [
        0,
        -1.55,
        1,
        0.167,
        -1.55,
        0.333,
        -3.739,
        0.5,
        -3.739,
        1,
        0.533,
        -3.739,
        0.567,
        -3.66,
        0.6,
        -1.336,
        1,
        0.667,
        3.311,
        0.733,
        14.678,
        0.8,
        17.264,
        1,
        0.9,
        21.142,
        1,
        24.899,
        1.1,
        26.007,
        1,
        1.389,
        29.208,
        1.678,
        30,
        1.967,
        30,
        1,
        2.067,
        30,
        2.167,
        30.049,
        2.267,
        28.282,
        1,
        2.378,
        26.318,
        2.489,
        18.661,
        2.6,
        15.463,
        1,
        2.789,
        10.026,
        2.978,
        3.786,
        3.167,
        1.157,
        1,
        3.278,
        -0.39,
        3.389,
        -0.606,
        3.5,
        -1.55,
        1,
        3.667,
        -2.964,
        3.833,
        -3.739,
        4,
        -3.739
      ]
    },
    {
      "Target": "Parameter",
      "Id": "ParamAngleY",
      "Segments": [
        0,
        -0.4,
        1,
        0.167,
        -0.4,
        0.333,
        -0.75,
        0.5,
        -3.267,
        1,
        0.689,
        -6.119,
        0.878,
        -9.301,
        1.067,
        -9.301,
        1,
        1.256,
        -9.301,
        1.444,
        5.49,
        1.633,
        5.49,
        1,
        1.811,
        5.49,
        1.989,
        1.606,
        2.167,
        0.771,
        1,
        2.445,
        -0.534,
        2.722,
        -0.57,
        3,
        -0.57,
        1,
        3.167,
        -0.57,
        3.333,
        -0.4,
        3.5,
        -0.4,
        1,
        3.667,
        -0.4,
        3.833,
        -4.627,
        4,
        -4.627
      ]
    },
    {
      "Target": "Parameter",
      "Id": "ParamAngleZ",
      "Segments": [
        0,
        0,
        2,
        0.5,
        0,
        1,
        0.689,
        0,
        0.878,
        8,
        1.067,
        8,
        1,
        1.245,
        8,
        1.422,
        -4,
        1.6,
        -4,
        1,
        1.8,
        -4,
        2,
        7,
        2.2,
        7,
        1,
        2.633,
        7,
        3.067,
        0,
        3.5,
        0,
        2,
        4,
        0
      ]
    },
    {
      "Target": "Parameter",
      "Id": "ParamNeckZ",
      "Segments": [
        0,
        0,
        2,
        0.5,
        0,
        1,
        0.689,
        0,
        0.878,
        10,
        1.067,
        10,
        1,
        1.245,
        10,
        1.422,
        -6,
        1.6,
        -6,
        1,
        1.8,
        -6,
        2,
        6,
        2.2,
        6,
        1,
        2.633,
        6,
        3.067,
        0,
        3.5,
        0,
        2,
        4,
        0
      ]
    },
    {
      "Target": "Parameter",
      "Id": "ParamEyeLOpen",
      "Segments": [
        0,
        1,
        2,
        0.6,
        1,
        1,
        0.656,
        1,
        0.711,
        0,
        0.767,
        0,
        1,
        0.834,
        0,
        0.9,
        1,
        0.967,
        1,
        2,
        2.267,
        1,
        1,
        2.3,
        1,
        2.334,
        0,
        2.367,
        0,
        1,
        2.4,
        0,
        2.434,
        0.778,
        2.467,
        0.8,
        1,
        2.7,
        0.952,
        2.934,
        1,
        3.167,
        1,
        1,
        3.211,
        1,
        3.256,
        0,
        3.3,
        0,
        1,
        3.344,
        0,
        3.389,
        1,
        3.433,
        1,
        2,
        3.5,
        1,
        2,
        4,
        1
      ]
    },
    {
      "Target": "Parameter",
      "Id": "ParamEyeROpen",
      "Segments": [
        0,
        1,
        2,
        0.6,
        1,
        1,
        0.656,
        1,
        0.711,
        0,
        0.767,
        0,
        1,
        0.834,
        0,
        0.9,
        1,
        0.967,
        1,
        2,
        2.267,
        1,
        1,
        2.3,
        1,
        2.334,
        0,
        2.367,
        0,
        1,
        2.4,
        0,
        2.434,
        0.778,
        2.467,
        0.8,
        1,
        2.7,
        0.952,
        2.934,
        1,
        3.167,
        1,
        1,
        3.211,
        1,
        3.256,
        0,
        3.3,
        0,
        1,
        3.344,
        0,
        3.389,
        1,
        3.433,
        1,
        2,
        3.5,
        1,
        2,
        4,
        1
      ]
    },
    {
      "Target": "Parameter",
      "Id": "ParamEyeBallX",
      "Segments": [
        0,
        -0.4,
        2,
        0.6,
        -0.4,
        1,
        0.656,
        -0.4,
        0.711,
        -0.035,
        0.767,
        0.074,
        1,
        0.834,
        0.204,
        0.9,
        0.2,
        0.967,
        0.2,
        2,
        2.267,
        0.2,
        1,
        2.289,
        0.2,
        2.311,
        -0.372,
        2.333,
        -0.562,
        1,
        2.378,
        -0.942,
        2.422,
        -1,
        2.467,
        -1,
        1,
        2.811,
        -1,
        3.156,
        -0.4,
        3.5,
        -0.4,
        2,
        4,
        -0.4
      ]
    },
    {
      "Target": "Parameter",
      "Id": "ParamEyeBallY",
      "Segments": [
        0,
        0,
        2,
        0.6,
        0,
        1,
        0.722,
        0,
        0.845,
        -0.7,
        0.967,
        -0.7,
        1,
        1.156,
        -0.7,
        1.344,
        -0.4,
        1.533,
        -0.4,
        1,
        1.7,
        -0.4,
        1.866,
        -1,
        2.033,
        -1,
        2,
        2.267,
        -1,
        1,
        2.334,
        -1,
        2.4,
        -0.345,
        2.467,
        -0.3,
        1,
        2.811,
        -0.065,
        3.156,
        0,
        3.5,
        0,
        2,
        4,
        0
      ]
    },
    {
      "Target": "Parameter",
      "Id": "ParamEyeBallLOffsetX",
      "Segments": [
        0,
        1,
        2,
        0.6,
        1,
        1,
        0.722,
        1,
        0.845,
        0.492,
        0.967,
        0.4,
        1,
        1.4,
        0.075,
        1.834,
        0,
        2.267,
        0,
        1,
        2.334,
        0,
        2.4,
        1,
        2.467,
        1,
        2,
        3.5,
        1,
        2,
        4,
        1
      ]
    },
    {
      "Target": "Parameter",
      "Id": "ParamMouthForm",
      "Segments": [
        0,
        1,
        2,
        1.067,
        1,
        2,
        1.6,
        1,
        1,
        1.678,
        1,
        1.755,
        0,
        1.833,
        0,
        1,
        1.955,
        0,
        2.078,
        1,
        2.2,
        1,
        2,
        2.8,
        1,
        2,
        3.5,
        1,
        2,
        4,
        1
      ]
    },
    {
      "Target": "Parameter",
      "Id": "ParamMouthOpenY",
      "Segments": [
        0,
        0,
        2,
        1.067,
        0,
        1,
        1.2,
        0,
        1.334,
        0.5,
        1.467,
        0.5,
        2,
        2.167,
        0.5,
        1,
        2.422,
        0.5,
        2.678,
        0,
        2.933,
        0,
        2,
        3.5,
        0,
        2,
        4,
        0
      ]
    },
    {
      "Target": "Parameter",
      "Id": "ParamMouthFormKF",
      "Segments": [
        0,
        1,
        2,
        1.6,
        1,
        1,
        1.678,
        1,
        1.755,
        0,
        1.833,
        0,
        1,
        1.955,
        0,
        2.078,
        1,
        2.2,
        1,
        2,
        4,
        1
      ]
    },
    {
      "Target": "Parameter",
      "Id": "ParamMouthOpenYKF",
      "Segments": [
        0,
        0,
        2,
        0.467,
        0,
        1,
        0.478,
        0,
        0.489,
        0.276,
        0.5,
        0.408,
        1,
        0.522,
        0.672,
        0.545,
        0.726,
        0.567,
        0.726,
        1,
        0.611,
        0.726,
        0.656,
        0.136,
        0.7,
        0.136,
        1,
        0.722,
        0.136,
        0.745,
        0.909,
        0.767,
        0.909,
        1,
        0.834,
        0.909,
        0.9,
        0.687,
        0.967,
        0.687,
        1,
        0.989,
        0.687,
        1.011,
        0.771,
        1.033,
        0.771,
        1,
        1.055,
        0.771,
        1.078,
        0.328,
        1.1,
        0.328,
        1,
        1.122,
        0.328,
        1.145,
        0.752,
        1.167,
        0.752,
        1,
        1.234,
        0.752,
        1.3,
        0,
        1.367,
        0,
        1,
        1.411,
        0,
        1.456,
        0.721,
        1.5,
        0.721,
        1,
        1.522,
        0.721,
        1.545,
        0.235,
        1.567,
        0.235,
        1,
        1.589,
        0.235,
        1.611,
        0.454,
        1.633,
        0.454,
        1,
        1.7,
        0.454,
        1.766,
        0.214,
        1.833,
        0.214,
        1,
        1.855,
        0.214,
        1.878,
        0.333,
        1.9,
        0.333,
        1,
        1.922,
        0.333,
        1.945,
        0.104,
        1.967,
        0.104,
        1,
        1.989,
        0.104,
        2.011,
        0.791,
        2.033,
        0.791,
        1,
        2.055,
        0.791,
        2.078,
        0.253,
        2.1,
        0.253,
        1,
        2.122,
        0.253,
        2.145,
        0.786,
        2.167,
        0.786,
        1,
        2.189,
        0.786,
        2.211,
        0.082,
        2.233,
        0.082,
        1,
        2.255,
        0.082,
        2.278,
        0.147,
        2.3,
        0.147,
        1,
        2.322,
        0.147,
        2.345,
        0,
        2.367,
        0,
        1,
        2.389,
        0,
        2.411,
        0.456,
        2.433,
        0.456,
        1,
        2.455,
        0.456,
        2.478,
        0.052,
        2.5,
        0.052,
        1,
        2.544,
        0.052,
        2.589,
        0.415,
        2.633,
        0.415,
        1,
        2.678,
        0.415,
        2.722,
        0,
        2.767,
        0,
        2,
        3.5,
        0,
        2,
        4,
        0
      ]
    },
    {
      "Target": "Parameter",
      "Id": "ParamChestCX",
      "Segments": [
        0,
        6.843,
        1,
        0.167,
        6.843,
        0.333,
        6.957,
        0.5,
        7.85,
        1,
        0.689,
        8.863,
        0.878,
        10,
        1.067,
        10,
        1,
        1.122,
        10,
        1.178,
        7.324,
        1.233,
        6.917,
        1,
        1.311,
        6.347,
        1.389,
        5.954,
        1.467,
        5.806,
        1,
        1.6,
        5.553,
        1.734,
        5.525,
        1.867,
        5.525,
        1,
        1.922,
        5.525,
        1.978,
        5.737,
        2.033,
        6.251,
        1,
        2.078,
        6.661,
        2.122,
        6.917,
        2.167,
        6.917,
        1,
        2.234,
        6.917,
        2.3,
        6.878,
        2.367,
        6.576,
        1,
        2.5,
        5.974,
        2.634,
        5.495,
        2.767,
        5.495,
        1,
        2.867,
        5.495,
        2.967,
        5.672,
        3.067,
        6.147,
        1,
        3.167,
        6.622,
        3.267,
        6.932,
        3.367,
        6.932,
        1,
        3.411,
        6.932,
        3.456,
        6.843,
        3.5,
        6.843,
        1,
        3.667,
        6.843,
        3.833,
        6.99,
        4,
        7.672
      ]
    },
    {
      "Target": "Parameter",
      "Id": "ParamChestX",
      "Segments": [
        0,
        -0.048,
        1,
        0.167,
        -0.118,
        0.333,
        -0.176,
        0.5,
        -0.176,
        1,
        0.711,
        -0.176,
        0.922,
        0.489,
        1.133,
        0.489,
        1,
        1.266,
        0.489,
        1.4,
        -0.459,
        1.533,
        -0.459,
        1,
        1.8,
        -0.459,
        2.066,
        0.091,
        2.333,
        0.091,
        1,
        2.6,
        0.091,
        2.866,
        -0.019,
        3.133,
        -0.019,
        1,
        3.255,
        -0.019,
        3.378,
        0.006,
        3.5,
        0.006,
        1,
        3.667,
        0.006,
        3.833,
        -0.159,
        4,
        -0.214
      ]
    },
    {
      "Target": "Parameter",
      "Id": "ParamChestY",
      "Segments": [
        0,
        0,
        2,
        0.033,
        0,
        1,
        0.144,
        0,
        0.256,
        0.515,
        0.367,
        0.515,
        1,
        0.511,
        0.515,
        0.656,
        -0.414,
        0.8,
        -0.414,
        1,
        0.9,
        -0.414,
        1,
        0.064,
        1.1,
        0.064,
        1,
        1.167,
        0.064,
        1.233,
        -0.47,
        1.3,
        -0.47,
        1,
        1.433,
        -0.47,
        1.567,
        0.428,
        1.7,
        0.428,
        1,
        1.789,
        0.428,
        1.878,
        0.072,
        1.967,
        0.072,
        1,
        2,
        0.072,
        2.034,
        0.13,
        2.067,
        0.13,
        1,
        2.189,
        0.13,
        2.311,
        -0.11,
        2.433,
        -0.11,
        1,
        2.566,
        -0.11,
        2.7,
        0.016,
        2.833,
        0.016,
        1,
        2.944,
        0.016,
        3.056,
        -0.363,
        3.167,
        -0.363,
        1,
        3.334,
        -0.363,
        3.5,
        0.416,
        3.667,
        0.416,
        1,
        3.767,
        0.416,
        3.867,
        0.18,
        3.967,
        0.18,
        1,
        3.978,
        0.18,
        3.989,
        0.203,
        4,
        0.241
      ]
    },
    {
      "Target": "Parameter",
      "Id": "ParamChestLAtu",
      "Segments": [
        0,
        7,
        2,
        0.333,
        7,
        2,
        0.833,
        7,
        1,
        0.989,
        7,
        1.144,
        0,
        1.3,
        0,
        1,
        1.467,
        0,
        1.633,
        6.197,
        1.8,
        6.197,
        1,
        1.889,
        6.197,
        1.978,
        0,
        2.067,
        0,
        2,
        2.6,
        0,
        1,
        2.778,
        0,
        2.955,
        7,
        3.133,
        7,
        2,
        4,
        7
      ]
    },
    {
      "Target": "Parameter",
      "Id": "ParamBodyUpperAngelY",
      "Segments": [
        0,
        0,
        2,
        0.5,
        0,
        1,
        0.689,
        0,
        0.878,
        -3.785,
        1.067,
        -3.785,
        1,
        1.122,
        -3.785,
        1.178,
        -1.377,
        1.233,
        -1.06,
        1,
        1.311,
        -0.616,
        1.389,
        -0.317,
        1.467,
        -0.208,
        1,
        1.6,
        -0.02,
        1.734,
        0,
        1.867,
        0,
        1,
        1.945,
        0,
        2.022,
        -1.013,
        2.1,
        -1.408,
        1,
        2.233,
        -2.086,
        2.367,
        -2.171,
        2.5,
        -2.171,
        1,
        2.744,
        -2.171,
        2.989,
        -0.212,
        3.233,
        -0.029,
        1,
        3.322,
        0.037,
        3.411,
        0,
        3.5,
        0,
        2,
        4,
        0
      ]
    },
    {
      "Target": "Parameter",
      "Id": "ParamShoulderRUp2",
      "Segments": [
        0,
        10,
        2,
        1.067,
        10,
        1,
        1.134,
        10,
        1.2,
        3.04,
        1.267,
        -1.626,
        1,
        1.322,
        -5.514,
        1.378,
        -5.73,
        1.433,
        -5.73,
        1,
        1.489,
        -5.73,
        1.544,
        -5.241,
        1.6,
        -2.918,
        1,
        1.667,
        -0.13,
        1.733,
        6.348,
        1.8,
        7.724,
        1,
        1.9,
        9.788,
        2,
        10,
        2.1,
        10,
        2,
        3.5,
        10,
        2,
        4,
        10
      ]
    },
    {
      "Target": "Parameter",
      "Id": "ParamBodyAngleZ",
      "Segments": [
        0,
        0,
        2,
        0.6,
        0,
        1,
        0.756,
        0,
        0.911,
        1,
        1.067,
        1,
        1,
        1.167,
        1,
        1.267,
        -2.354,
        1.367,
        -2.862,
        1,
        1.534,
        -3.71,
        1.7,
        -3.73,
        1.867,
        -3.73,
        1,
        1.956,
        -3.73,
        2.044,
        -2.257,
        2.133,
        -1.38,
        1,
        2.255,
        -0.174,
        2.378,
        0,
        2.5,
        0,
        1,
        2.667,
        0,
        2.833,
        -0.893,
        3,
        -0.893,
        1,
        3.167,
        -0.893,
        3.333,
        0,
        3.5,
        0,
        2,
        4,
        0
      ]
    },
    {
      "Target": "Parameter",
      "Id": "ParamHoleBodyOffsetX",
      "Segments": [
        0,
        -1.893,
        1,
        0.167,
        -1.031,
        0.333,
        -0.319,
        0.5,
        -0.319,
        1,
        1.5,
        -0.319,
        2.5,
        -2.362,
        3.5,
        -2.362,
        1,
        3.667,
        -2.362,
        3.833,
        -0.236,
        4,
        -0.236
      ]
    },
    {
      "Target": "Parameter",
      "Id": "ParamBodyDun",
      "Segments": [
        0,
        0,
        1,
        0.167,
        0,
        0.333,
        -3.442,
        0.5,
        -4.716,
        1,
        0.689,
        -6.16,
        0.878,
        -6.153,
        1.067,
        -6.153,
        1,
        1.122,
        -6.153,
        1.178,
        -4.698,
        1.233,
        -4.064,
        1,
        1.311,
        -3.177,
        1.389,
        -2.371,
        1.467,
        -2.12,
        1,
        1.6,
        -1.69,
        1.734,
        -1.644,
        1.867,
        -1.644,
        1,
        1.934,
        -1.644,
        2,
        -2.515,
        2.067,
        -2.814,
        1,
        2.311,
        -3.908,
        2.556,
        -4.221,
        2.8,
        -4.221,
        1,
        3.033,
        -4.221,
        3.267,
        0,
        3.5,
        0,
        1,
        3.667,
        0,
        3.833,
        -0.431,
        4,
        -2.595
      ]
    },
    {
      "Target": "Parameter",
      "Id": "ParamBodyUpperMainAngelZ",
      "Segments": [
        0,
        -0.577,
        1,
        0.167,
        -1.503,
        0.333,
        -2.267,
        0.5,
        -2.267,
        1,
        0.689,
        -2.267,
        0.878,
        4.499,
        1.067,
        4.499,
        1,
        1.122,
        4.499,
        1.178,
        0.286,
        1.233,
        -0.302,
        1,
        1.311,
        -1.124,
        1.389,
        -1.813,
        1.467,
        -1.919,
        1,
        1.6,
        -2.103,
        1.734,
        -2.107,
        1.867,
        -2.107,
        1,
        1.934,
        -2.107,
        2,
        -0.617,
        2.067,
        -0.071,
        1,
        2.122,
        0.383,
        2.178,
        0.563,
        2.233,
        0.735,
        1,
        2.322,
        1.01,
        2.411,
        1.072,
        2.5,
        1.072,
        1,
        2.667,
        1.072,
        2.833,
        0.165,
        3,
        0.073,
        1,
        3.167,
        -0.018,
        3.333,
        0.021,
        3.5,
        -0.074,
        1,
        3.667,
        -0.169,
        3.833,
        -2.356,
        4,
        -2.356
      ]
    },
    {
      "Target": "Parameter",
      "Id": "ParamBodyUpperMainZheng",
      "Segments": [
        0,
        6.84,
        1,
        0.167,
        6.84,
        0.333,
        6.967,
        0.5,
        7.869,
        1,
        0.689,
        8.892,
        0.878,
        10,
        1.067,
        10,
        1,
        1.122,
        10,
        1.178,
        7.306,
        1.233,
        6.893,
        1,
        1.311,
        6.315,
        1.389,
        5.905,
        1.467,
        5.765,
        1,
        1.6,
        5.524,
        1.734,
        5.5,
        1.867,
        5.5,
        1,
        1.922,
        5.5,
        1.978,
        5.74,
        2.033,
        6.255,
        1,
        2.078,
        6.668,
        2.122,
        6.893,
        2.167,
        6.893,
        1,
        2.234,
        6.893,
        2.3,
        6.861,
        2.367,
        6.565,
        1,
        2.5,
        5.973,
        2.634,
        5.484,
        2.767,
        5.484,
        1,
        2.867,
        5.484,
        2.967,
        5.664,
        3.067,
        6.141,
        1,
        3.167,
        6.618,
        3.267,
        6.926,
        3.367,
        6.926,
        1,
        3.411,
        6.926,
        3.456,
        6.84,
        3.5,
        6.84,
        1,
        3.667,
        6.84,
        3.833,
        6.984,
        4,
        7.66
      ]
    },
    {
      "Target": "Parameter",
      "Id": "ParamLegWalkR",
      "Segments": [
        0,
        50,
        2,
        0.6,
        50,
        1,
        0.756,
        50,
        0.911,
        56.311,
        1.067,
        56.311,
        1,
        1.1,
        56.311,
        1.134,
        56.365,
        1.167,
        55.974,
        1,
        1.222,
        55.323,
        1.278,
        53.194,
        1.333,
        52.292,
        1,
        1.378,
        51.57,
        1.422,
        50.861,
        1.467,
        50.647,
        1,
        1.578,
        50.112,
        1.689,
        50,
        1.8,
        50,
        1,
        1.856,
        50,
        1.911,
        52.335,
        1.967,
        53.025,
        1,
        2.056,
        54.13,
        2.144,
        54.226,
        2.233,
        54.226,
        1,
        2.455,
        54.226,
        2.678,
        51.345,
        2.9,
        50.585,
        1,
        3.1,
        49.901,
        3.3,
        50,
        3.5,
        50,
        2,
        4,
        50
      ]
    },
    {
      "Target": "Parameter",
      "Id": "ParamArmUpperRAngel",
      "Segments": [
        0,
        -0.455,
        1,
        0.244,
        -0.225,
        0.489,
        0,
        0.733,
        0,
        1,
        0.855,
        0,
        0.978,
        -0.028,
        1.1,
        -0.165,
        1,
        1.144,
        -0.215,
        1.189,
        -0.6,
        1.233,
        -0.633,
        1,
        1.366,
        -0.733,
        1.5,
        -0.698,
        1.633,
        -0.869,
        1,
        1.844,
        -1.14,
        2.056,
        -2.432,
        2.267,
        -2.432,
        1,
        2.678,
        -2.432,
        3.089,
        -1.487,
        3.5,
        -0.454,
        1,
        3.667,
        -0.036,
        3.833,
        -0.045,
        4,
        -0.045
      ]
    },
    {
      "Target": "Parameter",
      "Id": "ParamArmForeRAngel",
      "Segments": [
        0,
        3,
        1,
        0.389,
        3,
        0.778,
        0.451,
        1.167,
        0.451,
        1,
        1.234,
        0.451,
        1.3,
        1.447,
        1.367,
        1.74,
        1,
        1.456,
        2.132,
        1.544,
        2.356,
        1.633,
        2.53,
        1,
        1.755,
        2.77,
        1.878,
        2.819,
        2,
        2.819,
        1,
        2.044,
        2.819,
        2.089,
        1.856,
        2.133,
        1.504,
        1,
        2.2,
        0.977,
        2.266,
        0.934,
        2.333,
        0.934,
        1,
        2.611,
        0.934,
        2.889,
        4.701,
        3.167,
        4.701,
        1,
        3.278,
        4.701,
        3.389,
        3.478,
        3.5,
        3,
        1,
        3.667,
        2.283,
        3.833,
        2.222,
        4,
        2.222
      ]
    },
    {
      "Target": "Parameter",
      "Id": "ParamHandRAngel",
      "Segments": [
        0,
        2.27,
        1,
        0.244,
        3.343,
        0.489,
        4.393,
        0.733,
        4.393,
        1,
        1.233,
        4.393,
        1.733,
        0,
        2.233,
        0,
        1,
        2.411,
        0,
        2.589,
        0.924,
        2.767,
        1.271,
        1,
        3.011,
        1.747,
        3.256,
        1.82,
        3.5,
        2.271,
        1,
        3.667,
        2.578,
        3.833,
        2.646,
        4,
        4.182
      ]
    },
    {
      "Target": "Parameter",
      "Id": "ParamArmUpperLAngel",
      "Segments": [
        0,
        -2.926,
        1,
        0.167,
        -1.694,
        0.333,
        -0.497,
        0.5,
        -0.497,
        1,
        0.533,
        -0.497,
        0.567,
        -1.005,
        0.6,
        -1.005,
        1,
        0.756,
        -1.005,
        0.911,
        1,
        1.067,
        1,
        1,
        1.122,
        1,
        1.178,
        -2.346,
        1.233,
        -3.201,
        1,
        1.311,
        -4.398,
        1.389,
        -4.446,
        1.467,
        -4.446,
        1,
        1.6,
        -4.446,
        1.734,
        0.242,
        1.867,
        1.241,
        1,
        2.078,
        2.824,
        2.289,
        2.887,
        2.5,
        2.887,
        1,
        2.733,
        2.887,
        2.967,
        0.13,
        3.2,
        -2.104,
        1,
        3.3,
        -3.061,
        3.4,
        -2.926,
        3.5,
        -2.926,
        1,
        3.667,
        -2.926,
        3.833,
        -0.497,
        4,
        -0.497
      ]
    },
    {
      "Target": "Parameter",
      "Id": "ParamArmForeLAngel",
      "Segments": [
        0,
        1.79,
        1,
        0.033,
        1.782,
        0.067,
        1.778,
        0.1,
        1.778,
        1,
        0.233,
        1.778,
        0.367,
        1.936,
        0.5,
        1.936,
        1,
        0.533,
        1.936,
        0.567,
        1.572,
        0.6,
        1.572,
        1,
        0.756,
        1.572,
        0.911,
        22,
        1.067,
        22,
        1,
        1.089,
        22,
        1.111,
        15.924,
        1.133,
        13.991,
        1,
        1.155,
        12.058,
        1.178,
        10.856,
        1.2,
        10.22,
        1,
        1.256,
        8.631,
        1.311,
        8.196,
        1.367,
        8.196,
        1,
        1.434,
        8.196,
        1.5,
        9.225,
        1.567,
        12.149,
        1,
        1.634,
        15.073,
        1.7,
        19.603,
        1.767,
        22.042,
        1,
        1.811,
        23.668,
        1.856,
        25.039,
        1.9,
        25.638,
        1,
        1.967,
        26.538,
        2.033,
        27.333,
        2.1,
        27.69,
        1,
        2.233,
        28.406,
        2.367,
        28.559,
        2.5,
        28.559,
        1,
        2.622,
        28.559,
        2.745,
        27.401,
        2.867,
        23.102,
        1,
        2.956,
        19.976,
        3.044,
        14.021,
        3.133,
        10.291,
        1,
        3.278,
        4.23,
        3.422,
        1.838,
        3.567,
        1.838,
        1,
        3.711,
        1.838,
        3.856,
        1.824,
        4,
        1.936
      ]
    },
    {
      "Target": "Parameter",
      "Id": "ParamHandLAngel",
      "Segments": [
        0,
        -0.527,
        1,
        0.167,
        0.07,
        0.333,
        0.668,
        0.5,
        0.668,
        1,
        0.544,
        0.668,
        0.589,
        -0.579,
        0.633,
        -0.579,
        1,
        0.789,
        -0.579,
        0.944,
        13,
        1.1,
        13,
        1,
        1.133,
        13,
        1.167,
        -7.244,
        1.2,
        -9.525,
        1,
        1.244,
        -12.566,
        1.289,
        -14.448,
        1.333,
        -15.58,
        1,
        1.411,
        -17.562,
        1.489,
        -18,
        1.567,
        -18,
        1,
        1.622,
        -18,
        1.678,
        -15.347,
        1.733,
        -12.772,
        1,
        1.755,
        -11.742,
        1.778,
        -11.811,
        1.8,
        -10.813,
        1,
        1.844,
        -8.817,
        1.889,
        -3.624,
        1.933,
        -2.265,
        1,
        2.033,
        0.793,
        2.133,
        1.54,
        2.233,
        1.54,
        1,
        2.655,
        1.54,
        3.078,
        -0.885,
        3.5,
        -0.885,
        1,
        3.667,
        -0.885,
        3.833,
        0.833,
        4,
        0.833
      ]
    },
    {
      "Target": "Parameter",
      "Id": "ParamArmForeLLength",
      "Segments": [
        0,
        0,
        2,
        0.6,
        0,
        1,
        0.756,
        0,
        0.911,
        8.946,
        1.067,
        8.946,
        1,
        1.1,
        8.946,
        1.134,
        4.472,
        1.167,
        3.724,
        1,
        1.2,
        2.977,
        1.234,
        2.672,
        1.267,
        2.359,
        1,
        1.3,
        2.046,
        1.334,
        2,
        1.367,
        2,
        1,
        1.534,
        2,
        1.7,
        7.378,
        1.867,
        8.557,
        1,
        2.078,
        10.049,
        2.289,
        10,
        2.5,
        10,
        1,
        2.833,
        10,
        3.167,
        0,
        3.5,
        0,
        2,
        4,
        0
      ]
    },
    {
      "Target": "Parameter",
      "Id": "ParamHLDShizhi",
      "Segments": [
        0,
        0,
        2,
        0.6,
        0,
        1,
        0.756,
        0,
        0.911,
        10,
        1.067,
        10,
        1,
        1.256,
        10,
        1.444,
        0,
        1.633,
        0,
        2,
        4,
        0
      ]
    },
    {
      "Target": "Parameter",
      "Id": "ParamHLDZhongzhi",
      "Segments": [
        0,
        0,
        2,
        0.6,
        0,
        1,
        0.756,
        0,
        0.911,
        0.295,
        1.067,
        2,
        1,
        1.122,
        2.609,
        1.178,
        10,
        1.233,
        10,
        1,
        1.366,
        10,
        1.5,
        0,
        1.633,
        0,
        2,
        4,
        0
      ]
    },
    {
      "Target": "Parameter",
      "Id": "ParamHLDXiaozhi",
      "Segments": [
        0,
        0,
        2,
        0.6,
        0,
        1,
        0.756,
        0,
        0.911,
        10,
        1.067,
        10,
        1,
        1.256,
        10,
        1.444,
        0,
        1.633,
        0,
        2,
        4,
        0
      ]
    },
    {
      "Target": "Parameter",
      "Id": "ParamFrontHairUp",
      "Segments": [
        0,
        0,
        2,
        0.033,
        0,
        1,
        0.133,
        0,
        0.233,
        0.567,
        0.333,
        0.567,
        1,
        0.555,
        0.567,
        0.778,
        0,
        1,
        0,
        1,
        1.233,
        0,
        1.467,
        0.732,
        1.7,
        0.732,
        1,
        1.756,
        0.732,
        1.811,
        0.29,
        1.867,
        0.229,
        1,
        1.922,
        0.167,
        1.978,
        0.166,
        2.033,
        0.127,
        1,
        2.144,
        0.049,
        2.256,
        0,
        2.367,
        0,
        1,
        2.534,
        0,
        2.7,
        0.081,
        2.867,
        0.081,
        1,
        3.045,
        0.081,
        3.222,
        0,
        3.4,
        0,
        1,
        3.478,
        0,
        3.555,
        0.466,
        3.633,
        0.466,
        1,
        3.755,
        0.466,
        3.878,
        0.087,
        4,
        0.087
      ]
    },
    {
      "Target": "Parameter",
      "Id": "ParamHairFront",
      "Segments": [
        0,
        0,
        2,
        0.033,
        0,
        1,
        0.133,
        0,
        0.233,
        0.046,
        0.333,
        0.046,
        1,
        0.478,
        0.046,
        0.622,
        -0.9,
        0.767,
        -0.9,
        1,
        0.9,
        -0.9,
        1.034,
        0.9,
        1.167,
        0.9,
        1,
        1.322,
        0.9,
        1.478,
        -0.626,
        1.633,
        -0.626,
        1,
        1.8,
        -0.626,
        1.966,
        -0.024,
        2.133,
        0.253,
        1,
        2.189,
        0.345,
        2.244,
        0.303,
        2.3,
        0.36,
        1,
        2.356,
        0.417,
        2.411,
        0.57,
        2.467,
        0.57,
        1,
        2.622,
        0.57,
        2.778,
        -0.283,
        2.933,
        -0.283,
        1,
        3.033,
        -0.283,
        3.133,
        -0.001,
        3.233,
        -0.001,
        1,
        3.3,
        -0.001,
        3.366,
        -0.103,
        3.433,
        -0.103,
        1,
        3.522,
        -0.103,
        3.611,
        0.019,
        3.7,
        0.019,
        1,
        3.8,
        0.019,
        3.9,
        -0.207,
        4,
        -0.433
      ]
    },
    {
      "Target": "Parameter",
      "Id": "ParamMimiYure",
      "Segments": [
        0,
        -0.02,
        1,
        0.011,
        -0.021,
        0.022,
        -0.021,
        0.033,
        -0.021,
        1,
        0.1,
        -0.021,
        0.166,
        0.028,
        0.233,
        0.028,
        1,
        0.389,
        0.028,
        0.544,
        -1,
        0.7,
        -1,
        2,
        0.767,
        -1,
        1,
        0.811,
        -1,
        0.856,
        1,
        0.9,
        1,
        2,
        1,
        1,
        1,
        1.089,
        1,
        1.178,
        -0.175,
        1.267,
        -0.175,
        1,
        1.334,
        -0.175,
        1.4,
        0.007,
        1.467,
        0.007,
        1,
        1.545,
        0.007,
        1.622,
        -0.147,
        1.7,
        -0.147,
        1,
        1.944,
        -0.147,
        2.189,
        0.549,
        2.433,
        0.549,
        1,
        2.522,
        0.549,
        2.611,
        -0.176,
        2.7,
        -0.176,
        1,
        2.778,
        -0.176,
        2.855,
        0.215,
        2.933,
        0.215,
        1,
        3.044,
        0.215,
        3.156,
        -0.114,
        3.267,
        -0.114,
        1,
        3.367,
        -0.114,
        3.467,
        0.077,
        3.567,
        0.077,
        1,
        3.678,
        0.077,
        3.789,
        -0.105,
        3.9,
        -0.105,
        1,
        3.933,
        -0.105,
        3.967,
        -0.097,
        4,
        -0.092
      ]
    },
    {
      "Target": "Parameter",
      "Id": "ParamMimiYure2",
      "Segments": [
        0,
        -0.039,
        1,
        0.022,
        -0.04,
        0.045,
        -0.041,
        0.067,
        -0.041,
        1,
        0.145,
        -0.041,
        0.222,
        0.065,
        0.3,
        0.065,
        1,
        0.444,
        0.065,
        0.589,
        -0.37,
        0.733,
        -0.37,
        1,
        0.855,
        -0.37,
        0.978,
        0.558,
        1.1,
        0.558,
        1,
        1.256,
        0.558,
        1.411,
        -0.358,
        1.567,
        -0.358,
        1,
        1.711,
        -0.358,
        1.856,
        0.323,
        2,
        0.323,
        1,
        2.078,
        0.323,
        2.155,
        0.251,
        2.233,
        0.251,
        1,
        2.333,
        0.251,
        2.433,
        0.632,
        2.533,
        0.632,
        1,
        2.655,
        0.632,
        2.778,
        -0.134,
        2.9,
        -0.134,
        1,
        3,
        -0.134,
        3.1,
        0.062,
        3.2,
        0.062,
        1,
        3.289,
        0.062,
        3.378,
        -0.066,
        3.467,
        -0.066,
        1,
        3.545,
        -0.066,
        3.622,
        0.005,
        3.7,
        0.005,
        1,
        3.8,
        0.005,
        3.9,
        -0.357,
        4,
        -0.646
      ]
    },
    {
      "Target": "Parameter",
      "Id": "ParamCoatOverTurnR1",
      "Segments": [
        0,
        -0.004,
        1,
        0.367,
        -0.049,
        0.733,
        -0.444,
        1.1,
        -0.444,
        1,
        1.456,
        -0.444,
        1.811,
        0,
        2.167,
        0,
        1,
        2.578,
        0,
        2.989,
        -0.577,
        3.4,
        -0.577,
        1,
        3.444,
        -0.577,
        3.489,
        -0.418,
        3.533,
        -0.418,
        1,
        3.689,
        -0.418,
        3.844,
        -1.852,
        4,
        -3.047
      ]
    },
    {
      "Target": "Parameter",
      "Id": "ParamCoatOverTurnR2",
      "Segments": [
        0,
        -0.186,
        1,
        0.289,
        -0.147,
        0.578,
        0,
        0.867,
        0,
        1,
        1.1,
        0,
        1.334,
        -0.646,
        1.567,
        -0.646,
        1,
        1.8,
        -0.646,
        2.034,
        0,
        2.267,
        0,
        1,
        2.422,
        0,
        2.578,
        -1.199,
        2.733,
        -1.199,
        1,
        3.055,
        -1.199,
        3.378,
        0,
        3.7,
        0,
        1,
        3.8,
        0,
        3.9,
        -0.42,
        4,
        -1.016
      ]
    },
    {
      "Target": "Parameter",
      "Id": "ParamCoatOverTurnR3",
      "Segments": [
        0,
        -0.097,
        1,
        0.211,
        -0.14,
        0.422,
        -0.181,
        0.633,
        -0.181,
        1,
        0.866,
        -0.181,
        1.1,
        0,
        1.333,
        0,
        1,
        1.544,
        0,
        1.756,
        -1.6,
        1.967,
        -1.6,
        1,
        2.311,
        -1.6,
        2.656,
        -0.365,
        3,
        -0.254,
        1,
        3.333,
        -0.148,
        3.667,
        -0.086,
        4,
        -0.049
      ]
    },
    {
      "Target": "Parameter",
      "Id": "ParamCoatOverTurnR4",
      "Segments": [
        0,
        -0.107,
        1,
        0.489,
        -0.052,
        0.978,
        0,
        1.467,
        0,
        1,
        1.734,
        0,
        2,
        -1.566,
        2.267,
        -1.566,
        1,
        2.622,
        -1.566,
        2.978,
        -0.392,
        3.333,
        -0.227,
        1,
        3.555,
        -0.124,
        3.778,
        -0.068,
        4,
        -0.037
      ]
    },
    {
      "Target": "Parameter",
      "Id": "Param_Angle_Rotation80",
      "Segments": [
        0,
        0.453,
        1,
        0.278,
        -3.165,
        0.555,
        -10,
        0.833,
        -10,
        1,
        0.978,
        -10,
        1.122,
        7.095,
        1.267,
        7.095,
        1,
        1.389,
        7.095,
        1.511,
        -7.573,
        1.633,
        -7.573,
        1,
        1.722,
        -7.573,
        1.811,
        -2.212,
        1.9,
        -1.026,
        1,
        2.111,
        1.79,
        2.322,
        2.281,
        2.533,
        2.281,
        1,
        2.755,
        2.281,
        2.978,
        -0.784,
        3.2,
        -0.784,
        1,
        3.411,
        -0.784,
        3.622,
        4.106,
        3.833,
        4.106,
        1,
        3.889,
        4.106,
        3.944,
        2.82,
        4,
        1.417
      ]
    },
    {
      "Target": "Parameter",
      "Id": "Param_Angle_Rotation77",
      "Segments": [
        0,
        -0.282,
        1,
        0.044,
        -0.34,
        0.089,
        -0.383,
        0.133,
        -0.383,
        1,
        0.333,
        -0.383,
        0.533,
        3.141,
        0.733,
        3.141,
        1,
        0.889,
        3.141,
        1.044,
        -10,
        1.2,
        -10,
        1,
        1.289,
        -10,
        1.378,
        7.095,
        1.467,
        7.095,
        1,
        1.578,
        7.095,
        1.689,
        -10,
        1.8,
        -10,
        1,
        2.089,
        -10,
        2.378,
        4.07,
        2.667,
        4.07,
        1,
        2.889,
        4.07,
        3.111,
        -0.889,
        3.333,
        -0.889,
        1,
        3.411,
        -0.889,
        3.489,
        -0.575,
        3.567,
        -0.575,
        1,
        3.622,
        -0.575,
        3.678,
        -1.026,
        3.733,
        -1.026,
        1,
        3.822,
        -1.026,
        3.911,
        1.03,
        4,
        1.852
      ]
    },
    {
      "Target": "Parameter",
      "Id": "Param_Angle_Rotation78",
      "Segments": [
        0,
        0.577,
        1,
        0.144,
        0.43,
        0.289,
        0.039,
        0.433,
        0.039,
        1,
        0.555,
        0.039,
        0.678,
        0.71,
        0.8,
        0.71,
        1,
        0.956,
        0.71,
        1.111,
        -6.14,
        1.267,
        -6.14,
        1,
        1.378,
        -6.14,
        1.489,
        7.095,
        1.6,
        7.095,
        1,
        1.733,
        7.095,
        1.867,
        -10,
        2,
        -10,
        1,
        2.3,
        -10,
        2.6,
        3.667,
        2.9,
        3.667,
        1,
        3.1,
        3.667,
        3.3,
        -0.906,
        3.5,
        -0.906,
        1,
        3.667,
        -0.906,
        3.833,
        0.584,
        4,
        1.329
      ]
    },
    {
      "Target": "Parameter",
      "Id": "Param_Angle_Rotation79",
      "Segments": [
        0,
        0.361,
        1,
        0.033,
        0.415,
        0.067,
        0.449,
        0.1,
        0.449,
        1,
        0.233,
        0.449,
        0.367,
        -0.127,
        0.5,
        -0.127,
        1,
        0.667,
        -0.127,
        0.833,
        -0.07,
        1,
        -0.07,
        1,
        1.133,
        -0.07,
        1.267,
        -7.41,
        1.4,
        -7.41,
        1,
        1.533,
        -7.41,
        1.667,
        7.095,
        1.8,
        7.095,
        1,
        1.933,
        7.095,
        2.067,
        -10,
        2.2,
        -10,
        1,
        2.533,
        -10,
        2.867,
        3.289,
        3.2,
        3.289,
        1,
        3.4,
        3.289,
        3.6,
        -1.126,
        3.8,
        -1.126,
        1,
        3.867,
        -1.126,
        3.933,
        -0.686,
        4,
        -0.136
      ]
    },
    {
      "Target": "Parameter",
      "Id": "Param_Angle_Rotation81",
      "Segments": [
        0,
        -0.047,
        1,
        0.089,
        0.054,
        0.178,
        0.173,
        0.267,
        0.173,
        1,
        0.467,
        0.173,
        0.667,
        -0.283,
        0.867,
        -0.283,
        1,
        1.011,
        -0.283,
        1.156,
        1.559,
        1.3,
        1.559,
        1,
        1.422,
        1.559,
        1.545,
        -4.178,
        1.667,
        -4.178,
        1,
        1.789,
        -4.178,
        1.911,
        5.84,
        2.033,
        5.84,
        1,
        2.155,
        5.84,
        2.278,
        -5.703,
        2.4,
        -5.703,
        1,
        2.533,
        -5.703,
        2.667,
        4.169,
        2.8,
        4.169,
        1,
        2.933,
        4.169,
        3.067,
        -2.535,
        3.2,
        -2.535,
        1,
        3.333,
        -2.535,
        3.467,
        1.469,
        3.6,
        1.469,
        1,
        3.733,
        1.469,
        3.867,
        -0.837,
        4,
        -0.837
      ]
    },
    {
      "Target": "Parameter",
      "Id": "Param_Angle_Rotation82",
      "Segments": [
        0,
        -0.165,
        1,
        0.022,
        -0.181,
        0.045,
        -0.191,
        0.067,
        -0.191,
        1,
        0.211,
        -0.191,
        0.356,
        0.139,
        0.5,
        0.139,
        1,
        0.733,
        0.139,
        0.967,
        -0.613,
        1.2,
        -0.613,
        1,
        1.311,
        -0.613,
        1.422,
        2.395,
        1.533,
        2.395,
        1,
        1.655,
        2.395,
        1.778,
        -4.988,
        1.9,
        -4.988,
        1,
        2.022,
        -4.988,
        2.145,
        6.096,
        2.267,
        6.096,
        1,
        2.4,
        6.096,
        2.534,
        -5.497,
        2.667,
        -5.497,
        1,
        2.789,
        -5.497,
        2.911,
        3.976,
        3.033,
        3.976,
        1,
        3.166,
        3.976,
        3.3,
        -2.502,
        3.433,
        -2.502,
        1,
        3.566,
        -2.502,
        3.7,
        1.48,
        3.833,
        1.48,
        1,
        3.889,
        1.48,
        3.944,
        1.149,
        4,
        0.74
      ]
    },
    {
      "Target": "Parameter",
      "Id": "ParamCoatOverTurnL1",
      "Segments": [
        0,
        0.012,
        1,
        0.211,
        0.086,
        0.422,
        0.473,
        0.633,
        0.473,
        1,
        0.766,
        0.473,
        0.9,
        0,
        1.033,
        0,
        2,
        1.467,
        0,
        1,
        1.522,
        0,
        1.578,
        0.59,
        1.633,
        0.59,
        1,
        1.722,
        0.59,
        1.811,
        0,
        1.9,
        0,
        2,
        1.967,
        0,
        1,
        2.022,
        0,
        2.078,
        0.644,
        2.133,
        0.644,
        1,
        2.189,
        0.644,
        2.244,
        0,
        2.3,
        0,
        2,
        2.733,
        0,
        1,
        2.866,
        0,
        3,
        0.431,
        3.133,
        0.431,
        1,
        3.222,
        0.431,
        3.311,
        0,
        3.4,
        0,
        2,
        3.7,
        0,
        1,
        3.8,
        0,
        3.9,
        0.18,
        4,
        0.291
      ]
    },
    {
      "Target": "Parameter",
      "Id": "ParamCoatOverTurnL2",
      "Segments": [
        0,
        0,
        2,
        0.033,
        0,
        2,
        0.733,
        0,
        1,
        0.778,
        0,
        0.822,
        0.075,
        0.867,
        0.075,
        1,
        0.934,
        0.075,
        1,
        0,
        1.067,
        0,
        2,
        1.1,
        0,
        1,
        1.144,
        0,
        1.189,
        1.21,
        1.233,
        1.21,
        1,
        1.266,
        1.21,
        1.3,
        0,
        1.333,
        0,
        2,
        1.6,
        0,
        1,
        1.667,
        0,
        1.733,
        1.057,
        1.8,
        1.057,
        1,
        1.867,
        1.057,
        1.933,
        0,
        2,
        0,
        2,
        2.233,
        0,
        1,
        2.289,
        0,
        2.344,
        0.563,
        2.4,
        0.563,
        1,
        2.456,
        0.563,
        2.511,
        0,
        2.567,
        0,
        2,
        2.9,
        0,
        1,
        2.944,
        0,
        2.989,
        0.234,
        3.033,
        0.234,
        1,
        3.189,
        0.234,
        3.344,
        0,
        3.5,
        0,
        2,
        3.9,
        0,
        1,
        3.933,
        0,
        3.967,
        0.051,
        4,
        0.076
      ]
    },
    {
      "Target": "Parameter",
      "Id": "ParamCoatOverTurnL3",
      "Segments": [
        0,
        0,
        2,
        0.133,
        0,
        1,
        0.211,
        0,
        0.289,
        0.025,
        0.367,
        0.025,
        1,
        0.434,
        0.025,
        0.5,
        0,
        0.567,
        0,
        2,
        0.667,
        0,
        1,
        0.767,
        0,
        0.867,
        0.192,
        0.967,
        0.192,
        1,
        1.022,
        0.192,
        1.078,
        0.1,
        1.133,
        0.1,
        1,
        1.189,
        0.1,
        1.244,
        0.288,
        1.3,
        0.288,
        1,
        1.333,
        0.288,
        1.367,
        0,
        1.4,
        0,
        2,
        1.733,
        0,
        1,
        1.8,
        0,
        1.866,
        1.25,
        1.933,
        1.25,
        1,
        2.011,
        1.25,
        2.089,
        0,
        2.167,
        0,
        2,
        2.433,
        0,
        1,
        2.478,
        0,
        2.522,
        0.414,
        2.567,
        0.414,
        1,
        2.667,
        0.414,
        2.767,
        0,
        2.867,
        0,
        1,
        2.989,
        0,
        3.111,
        0.213,
        3.233,
        0.213,
        1,
        3.333,
        0.213,
        3.433,
        0.071,
        3.533,
        0.042,
        1,
        3.678,
        0,
        3.822,
        0,
        3.967,
        0,
        1,
        3.978,
        0,
        3.989,
        0.006,
        4,
        0.017
      ]
    },
    {
      "Target": "Parameter",
      "Id": "ParamCoatOverTurnL4",
      "Segments": [
        0,
        0,
        2,
        0.333,
        0,
        1,
        0.378,
        0,
        0.422,
        0.013,
        0.467,
        0.013,
        1,
        0.5,
        0.013,
        0.534,
        0,
        0.567,
        0,
        2,
        0.867,
        0,
        1,
        1.045,
        0,
        1.222,
        0.654,
        1.4,
        0.654,
        1,
        1.444,
        0.654,
        1.489,
        0,
        1.533,
        0,
        2,
        1.9,
        0,
        1,
        1.967,
        0,
        2.033,
        2.782,
        2.1,
        2.782,
        1,
        2.211,
        2.782,
        2.322,
        0.101,
        2.433,
        0.101,
        1,
        2.522,
        0.101,
        2.611,
        0.662,
        2.7,
        0.662,
        1,
        2.833,
        0.662,
        2.967,
        0.062,
        3.1,
        0.062,
        1,
        3.2,
        0.062,
        3.3,
        0.277,
        3.4,
        0.277,
        1,
        3.5,
        0.277,
        3.6,
        0,
        3.7,
        0,
        2,
        4,
        0
      ]
    },
    {
      "Target": "Parameter",
      "Id": "Param_Angle_Rotation84",
      "Segments": [
        0,
        -0.1,
        1,
        0.278,
        1.36,
        0.555,
        4.119,
        0.833,
        4.119,
        1,
        0.978,
        4.119,
        1.122,
        -8.957,
        1.267,
        -8.957,
        1,
        1.456,
        -8.957,
        1.644,
        4.047,
        1.833,
        4.047,
        1,
        2.055,
        4.047,
        2.278,
        -0.711,
        2.5,
        -0.711,
        1,
        2.733,
        -0.711,
        2.967,
        0.187,
        3.2,
        0.187,
        1,
        3.411,
        0.187,
        3.622,
        -1.527,
        3.833,
        -1.527,
        1,
        3.889,
        -1.527,
        3.944,
        -1.049,
        4,
        -0.528
      ]
    },
    {
      "Target": "Parameter",
      "Id": "Param_Angle_Rotation85",
      "Segments": [
        0,
        0.105,
        1,
        0.044,
        0.127,
        0.089,
        0.143,
        0.133,
        0.143,
        1,
        0.333,
        0.143,
        0.533,
        -1.183,
        0.733,
        -1.183,
        1,
        0.889,
        -1.183,
        1.044,
        4.098,
        1.2,
        4.098,
        1,
        1.289,
        4.098,
        1.378,
        -5.844,
        1.467,
        -5.844,
        1,
        1.645,
        -5.844,
        1.822,
        4.408,
        2,
        4.408,
        1,
        2.133,
        4.408,
        2.267,
        2.093,
        2.4,
        0.671,
        1,
        2.5,
        -0.396,
        2.6,
        -0.361,
        2.7,
        -0.361,
        1,
        2.911,
        -0.361,
        3.122,
        0.264,
        3.333,
        0.264,
        1,
        3.411,
        0.264,
        3.489,
        0.041,
        3.567,
        0.041,
        1,
        3.622,
        0.041,
        3.678,
        0.362,
        3.733,
        0.362,
        1,
        3.822,
        0.362,
        3.911,
        -0.397,
        4,
        -0.7
      ]
    },
    {
      "Target": "Parameter",
      "Id": "Param_Angle_Rotation86",
      "Segments": [
        0,
        -0.214,
        1,
        0.144,
        -0.16,
        0.289,
        -0.016,
        0.433,
        -0.016,
        1,
        0.555,
        -0.016,
        0.678,
        -0.264,
        0.8,
        -0.264,
        1,
        0.956,
        -0.264,
        1.111,
        2.029,
        1.267,
        2.029,
        1,
        1.378,
        2.029,
        1.489,
        -4.351,
        1.6,
        -4.351,
        1,
        1.811,
        -4.351,
        2.022,
        4.232,
        2.233,
        4.232,
        1,
        2.366,
        4.232,
        2.5,
        2.457,
        2.633,
        -0.074,
        1,
        2.722,
        -1.762,
        2.811,
        -2.231,
        2.9,
        -2.231,
        1,
        3.1,
        -2.231,
        3.3,
        0.272,
        3.5,
        0.272,
        1,
        3.667,
        0.272,
        3.833,
        -0.244,
        4,
        -0.502
      ]
    },
    {
      "Target": "Parameter",
      "Id": "Param_Angle_Rotation87",
      "Segments": [
        0,
        -0.134,
        1,
        0.033,
        -0.154,
        0.067,
        -0.167,
        0.1,
        -0.167,
        1,
        0.233,
        -0.167,
        0.367,
        0.046,
        0.5,
        0.046,
        1,
        0.667,
        0.046,
        0.833,
        -0.597,
        1,
        -0.597,
        1,
        1.133,
        -0.597,
        1.267,
        2.575,
        1.4,
        2.575,
        1,
        1.533,
        2.575,
        1.667,
        -4.509,
        1.8,
        -4.509,
        1,
        2.067,
        -4.509,
        2.333,
        4.209,
        2.6,
        4.209,
        1,
        2.722,
        4.209,
        2.845,
        2.739,
        2.967,
        0.182,
        1,
        3.045,
        -1.445,
        3.122,
        -2.091,
        3.2,
        -2.091,
        1,
        3.4,
        -2.091,
        3.6,
        0.415,
        3.8,
        0.415,
        1,
        3.867,
        0.415,
        3.933,
        0.252,
        4,
        0.049
      ]
    },
    {
      "Target": "Parameter",
      "Id": "Param_Angle_Rotation89",
      "Segments": [
        0,
        -0.047,
        1,
        0.089,
        0.054,
        0.178,
        0.173,
        0.267,
        0.173,
        1,
        0.467,
        0.173,
        0.667,
        -0.283,
        0.867,
        -0.283,
        1,
        1.011,
        -0.283,
        1.156,
        1.557,
        1.3,
        1.557,
        1,
        1.422,
        1.557,
        1.545,
        -4.171,
        1.667,
        -4.171,
        1,
        1.789,
        -4.171,
        1.911,
        5.831,
        2.033,
        5.831,
        1,
        2.155,
        5.831,
        2.278,
        -5.694,
        2.4,
        -5.694,
        1,
        2.533,
        -5.694,
        2.667,
        4.162,
        2.8,
        4.162,
        1,
        2.933,
        4.162,
        3.067,
        -2.531,
        3.2,
        -2.531,
        1,
        3.333,
        -2.531,
        3.467,
        1.467,
        3.6,
        1.467,
        1,
        3.733,
        1.467,
        3.867,
        -0.836,
        4,
        -0.836
      ]
    },
    {
      "Target": "Parameter",
      "Id": "Param_Angle_Rotation90",
      "Segments": [
        0,
        -0.164,
        1,
        0.022,
        -0.181,
        0.045,
        -0.19,
        0.067,
        -0.19,
        1,
        0.211,
        -0.19,
        0.356,
        0.139,
        0.5,
        0.139,
        1,
        0.733,
        0.139,
        0.967,
        -0.612,
        1.2,
        -0.612,
        1,
        1.311,
        -0.612,
        1.422,
        2.391,
        1.533,
        2.391,
        1,
        1.655,
        2.391,
        1.778,
        -4.981,
        1.9,
        -4.981,
        1,
        2.022,
        -4.981,
        2.145,
        6.088,
        2.267,
        6.088,
        1,
        2.4,
        6.088,
        2.534,
        -5.489,
        2.667,
        -5.489,
        1,
        2.789,
        -5.489,
        2.911,
        3.97,
        3.033,
        3.97,
        1,
        3.166,
        3.97,
        3.3,
        -2.498,
        3.433,
        -2.498,
        1,
        3.566,
        -2.498,
        3.7,
        1.478,
        3.833,
        1.478,
        1,
        3.889,
        1.478,
        3.944,
        1.147,
        4,
        0.739
      ]
    },
    {
      "Target": "Parameter",
      "Id": "ParamInnerUp",
      "Segments": [
        0,
        0,
        2,
        0.033,
        0,
        1,
        0.133,
        0,
        0.233,
        1.529,
        0.333,
        1.529,
        1,
        0.422,
        1.529,
        0.511,
        0,
        0.6,
        0,
        2,
        1.033,
        0,
        1,
        1.055,
        0,
        1.078,
        0.085,
        1.1,
        0.085,
        1,
        1.111,
        0.085,
        1.122,
        0,
        1.133,
        0,
        2,
        1.5,
        0,
        1,
        1.556,
        0,
        1.611,
        0.94,
        1.667,
        0.94,
        1,
        1.756,
        0.94,
        1.844,
        0.021,
        1.933,
        0.021,
        1,
        1.989,
        0.021,
        2.044,
        0.647,
        2.1,
        0.647,
        1,
        2.178,
        0.647,
        2.255,
        0,
        2.333,
        0,
        2,
        2.767,
        0,
        1,
        2.789,
        0,
        2.811,
        0.006,
        2.833,
        0.006,
        1,
        2.844,
        0.006,
        2.856,
        0,
        2.867,
        0,
        2,
        3.433,
        0,
        1,
        3.511,
        0,
        3.589,
        0.819,
        3.667,
        0.819,
        1,
        3.734,
        0.819,
        3.8,
        0.612,
        3.867,
        0.612,
        1,
        3.911,
        0.612,
        3.956,
        1.176,
        4,
        1.853
      ]
    },
    {
      "Target": "Parameter",
      "Id": "ParamInnerLR",
      "Segments": [
        0,
        -0.123,
        1,
        0.2,
        0.04,
        0.4,
        0.235,
        0.6,
        0.235,
        1,
        0.744,
        0.235,
        0.889,
        -0.074,
        1.033,
        -0.074,
        1,
        1.166,
        -0.074,
        1.3,
        0.081,
        1.433,
        0.081,
        1,
        1.578,
        0.081,
        1.722,
        0.004,
        1.867,
        0.004,
        1,
        2,
        0.004,
        2.134,
        0.035,
        2.267,
        0.035,
        1,
        2.456,
        0.035,
        2.644,
        0.005,
        2.833,
        0.005,
        2,
        2.867,
        0.005,
        1,
        2.878,
        0.005,
        2.889,
        0.004,
        2.9,
        0.004,
        1,
        2.911,
        0.004,
        2.922,
        0.005,
        2.933,
        0.005,
        1,
        3.233,
        0.005,
        3.533,
        -0.64,
        3.833,
        -0.64,
        1,
        3.889,
        -0.64,
        3.944,
        -0.365,
        4,
        -0.065
      ]
    },
    {
      "Target": "Parameter",
      "Id": "ParamSkirtYureLR",
      "Segments": [
        0,
        -0.032,
        1,
        0.322,
        -0.073,
        0.645,
        -0.696,
        0.967,
        -0.696,
        1,
        1.1,
        -0.696,
        1.234,
        1,
        1.367,
        1,
        1,
        1.578,
        1,
        1.789,
        -0.876,
        2,
        -0.876,
        1,
        2.189,
        -0.876,
        2.378,
        0.71,
        2.567,
        0.71,
        1,
        2.767,
        0.71,
        2.967,
        -0.492,
        3.167,
        -0.492,
        1,
        3.345,
        -0.492,
        3.522,
        0.103,
        3.7,
        0.103,
        1,
        3.8,
        0.103,
        3.9,
        0.019,
        4,
        -0.055
      ]
    },
    {
      "Target": "Parameter",
      "Id": "ParamTrigerSkirtLR",
      "Segments": [
        0,
        50.808,
        1,
        0.2,
        50.492,
        0.4,
        50.166,
        0.6,
        50.166,
        1,
        0.756,
        50.166,
        0.911,
        56.256,
        1.067,
        56.256,
        1,
        1.145,
        56.256,
        1.222,
        53.803,
        1.3,
        52.484,
        1,
        1.356,
        51.542,
        1.411,
        51.03,
        1.467,
        50.73,
        1,
        1.578,
        50.131,
        1.689,
        50.005,
        1.8,
        50.005,
        1,
        1.944,
        50.005,
        2.089,
        54.151,
        2.233,
        54.151,
        1,
        2.455,
        54.151,
        2.678,
        51.518,
        2.9,
        50.644,
        1,
        3.089,
        49.902,
        3.278,
        50,
        3.467,
        50,
        1,
        3.645,
        50,
        3.822,
        50.234,
        4,
        50.403
      ]
    },
    {
      "Target": "Parameter",
      "Id": "Param_Angle_Rotation107",
      "Segments": [
        0,
        -0.408,
        1,
        0.178,
        -1.398,
        0.355,
        -2.253,
        0.533,
        -2.253,
        1,
        0.722,
        -2.253,
        0.911,
        5.104,
        1.1,
        5.104,
        1,
        1.222,
        5.104,
        1.345,
        -3.293,
        1.467,
        -3.293,
        1,
        1.578,
        -3.293,
        1.689,
        -1.604,
        1.8,
        -1.604,
        1,
        1.844,
        -1.604,
        1.889,
        -1.778,
        1.933,
        -1.778,
        1,
        2.066,
        -1.778,
        2.2,
        1.429,
        2.333,
        1.429,
        1,
        2.555,
        1.429,
        2.778,
        0,
        3,
        0,
        2,
        3.633,
        0,
        1,
        3.755,
        0,
        3.878,
        -1.881,
        4,
        -2.459
      ]
    },
    {
      "Target": "Parameter",
      "Id": "Param_Angle_Rotation108",
      "Segments": [
        0,
        -0.359,
        1,
        0.278,
        -1.213,
        0.555,
        -2.462,
        0.833,
        -2.462,
        1,
        0.978,
        -2.462,
        1.122,
        7.235,
        1.267,
        7.235,
        1,
        1.378,
        7.235,
        1.489,
        -6.637,
        1.6,
        -6.637,
        1,
        1.711,
        -6.637,
        1.822,
        3.282,
        1.933,
        3.282,
        1,
        2.022,
        3.282,
        2.111,
        -3.09,
        2.2,
        -3.09,
        1,
        2.3,
        -3.09,
        2.4,
        2.172,
        2.5,
        2.172,
        1,
        2.6,
        2.172,
        2.7,
        -0.65,
        2.8,
        -0.65,
        1,
        2.867,
        -0.65,
        2.933,
        0,
        3,
        0,
        1,
        3.044,
        0,
        3.089,
        -0.442,
        3.133,
        -0.442,
        1,
        3.233,
        -0.442,
        3.333,
        0.306,
        3.433,
        0.306,
        1,
        3.5,
        0.306,
        3.566,
        -0.64,
        3.633,
        -0.64,
        1,
        3.722,
        -0.64,
        3.811,
        1.149,
        3.9,
        1.149,
        1,
        3.933,
        1.149,
        3.967,
        0.857,
        4,
        0.466
      ]
    },
    {
      "Target": "Parameter",
      "Id": "Param_Angle_Rotation109",
      "Segments": [
        0,
        -0.066,
        1,
        0.322,
        -0.815,
        0.645,
        -2.179,
        0.967,
        -2.179,
        1,
        1.111,
        -2.179,
        1.256,
        6.054,
        1.4,
        6.054,
        1,
        1.511,
        6.054,
        1.622,
        -6.393,
        1.733,
        -6.393,
        1,
        1.844,
        -6.393,
        1.956,
        3.634,
        2.067,
        3.634,
        1,
        2.178,
        3.634,
        2.289,
        -2.217,
        2.4,
        -2.217,
        1,
        2.5,
        -2.217,
        2.6,
        1.758,
        2.7,
        1.758,
        1,
        2.8,
        1.758,
        2.9,
        -0.642,
        3,
        -0.642,
        1,
        3.2,
        -0.642,
        3.4,
        0.541,
        3.6,
        0.541,
        1,
        3.667,
        0.541,
        3.733,
        0.09,
        3.8,
        0.09,
        1,
        3.867,
        0.09,
        3.933,
        0.516,
        4,
        0.637
      ]
    },
    {
      "Target": "Parameter",
      "Id": "Param_Angle_Rotation110",
      "Segments": [
        0,
        0.148,
        1,
        0.078,
        0.093,
        0.155,
        0.042,
        0.233,
        0.042,
        1,
        0.3,
        0.042,
        0.366,
        0.056,
        0.433,
        0.056,
        1,
        0.655,
        0.056,
        0.878,
        -1.592,
        1.1,
        -1.592,
        1,
        1.244,
        -1.592,
        1.389,
        4.792,
        1.533,
        4.792,
        1,
        1.655,
        4.792,
        1.778,
        -6.002,
        1.9,
        -6.002,
        1,
        2.011,
        -6.002,
        2.122,
        4.6,
        2.233,
        4.6,
        1,
        2.333,
        4.6,
        2.433,
        -3.135,
        2.533,
        -3.135,
        1,
        2.644,
        -3.135,
        2.756,
        2.259,
        2.867,
        2.259,
        1,
        2.978,
        2.259,
        3.089,
        -1.225,
        3.2,
        -1.225,
        1,
        3.367,
        -1.225,
        3.533,
        0.662,
        3.7,
        0.662,
        1,
        3.789,
        0.662,
        3.878,
        -0.098,
        3.967,
        -0.098,
        1,
        3.978,
        -0.098,
        3.989,
        -0.087,
        4,
        -0.068
      ]
    },
    {
      "Target": "Parameter",
      "Id": "Param_Angle_Rotation103",
      "Segments": [
        0,
        0.433,
        1,
        0.178,
        1.482,
        0.355,
        2.388,
        0.533,
        2.388,
        1,
        0.722,
        2.388,
        0.911,
        -5.41,
        1.1,
        -5.41,
        1,
        1.222,
        -5.41,
        1.345,
        3.491,
        1.467,
        3.491,
        1,
        1.578,
        3.491,
        1.689,
        1.701,
        1.8,
        1.701,
        1,
        1.844,
        1.701,
        1.889,
        1.884,
        1.933,
        1.884,
        1,
        2.066,
        1.884,
        2.2,
        -1.515,
        2.333,
        -1.515,
        1,
        2.555,
        -1.515,
        2.778,
        0,
        3,
        0,
        2,
        3.633,
        0,
        1,
        3.755,
        0,
        3.878,
        1.993,
        4,
        2.607
      ]
    },
    {
      "Target": "Parameter",
      "Id": "Param_Angle_Rotation104",
      "Segments": [
        0,
        0.556,
        1,
        0.278,
        1.88,
        0.555,
        3.816,
        0.833,
        3.816,
        1,
        0.966,
        3.816,
        1.1,
        -10,
        1.233,
        -10,
        2,
        1.3,
        -10,
        1,
        1.389,
        -10,
        1.478,
        10,
        1.567,
        10,
        2,
        1.6,
        10,
        1,
        1.711,
        10,
        1.822,
        -5.087,
        1.933,
        -5.087,
        1,
        2.022,
        -5.087,
        2.111,
        4.788,
        2.2,
        4.788,
        1,
        2.3,
        4.788,
        2.4,
        -3.366,
        2.5,
        -3.366,
        1,
        2.6,
        -3.366,
        2.7,
        1.007,
        2.8,
        1.007,
        1,
        2.867,
        1.007,
        2.933,
        0,
        3,
        0,
        1,
        3.044,
        0,
        3.089,
        0.686,
        3.133,
        0.686,
        1,
        3.233,
        0.686,
        3.333,
        -0.474,
        3.433,
        -0.474,
        1,
        3.5,
        -0.474,
        3.566,
        0.992,
        3.633,
        0.992,
        1,
        3.722,
        0.992,
        3.811,
        -1.781,
        3.9,
        -1.781,
        1,
        3.933,
        -1.781,
        3.967,
        -1.328,
        4,
        -0.723
      ]
    },
    {
      "Target": "Parameter",
      "Id": "Param_Angle_Rotation105",
      "Segments": [
        0,
        0.104,
        1,
        0.322,
        1.29,
        0.645,
        3.446,
        0.967,
        3.446,
        1,
        1.111,
        3.446,
        1.256,
        -9.575,
        1.4,
        -9.575,
        1,
        1.511,
        -9.575,
        1.622,
        10,
        1.733,
        10,
        1,
        1.844,
        10,
        1.956,
        -5.748,
        2.067,
        -5.748,
        1,
        2.178,
        -5.748,
        2.289,
        3.507,
        2.4,
        3.507,
        1,
        2.5,
        3.507,
        2.6,
        -2.78,
        2.7,
        -2.78,
        1,
        2.8,
        -2.78,
        2.9,
        1.015,
        3,
        1.015,
        1,
        3.2,
        1.015,
        3.4,
        -0.856,
        3.6,
        -0.856,
        1,
        3.667,
        -0.856,
        3.733,
        -0.143,
        3.8,
        -0.143,
        1,
        3.867,
        -0.143,
        3.933,
        -0.816,
        4,
        -1.008
      ]
    },
    {
      "Target": "Parameter",
      "Id": "Param_Angle_Rotation106",
      "Segments": [
        0,
        -0.274,
        1,
        0.078,
        -0.172,
        0.155,
        -0.077,
        0.233,
        -0.077,
        1,
        0.3,
        -0.077,
        0.366,
        -0.104,
        0.433,
        -0.104,
        1,
        0.655,
        -0.104,
        0.878,
        2.949,
        1.1,
        2.949,
        1,
        1.244,
        2.949,
        1.389,
        -8.873,
        1.533,
        -8.873,
        1,
        1.633,
        -8.873,
        1.733,
        10,
        1.833,
        10,
        2,
        1.933,
        10,
        1,
        2.033,
        10,
        2.133,
        -8.518,
        2.233,
        -8.518,
        1,
        2.333,
        -8.518,
        2.433,
        5.805,
        2.533,
        5.805,
        1,
        2.644,
        5.805,
        2.756,
        -4.183,
        2.867,
        -4.183,
        1,
        2.978,
        -4.183,
        3.089,
        2.269,
        3.2,
        2.269,
        1,
        3.367,
        2.269,
        3.533,
        -1.225,
        3.7,
        -1.225,
        1,
        3.789,
        -1.225,
        3.878,
        0.181,
        3.967,
        0.181,
        1,
        3.978,
        0.181,
        3.989,
        0.161,
        4,
        0.126
      ]
    },
    {
      "Target": "Parameter",
      "Id": "ParamCameraAngelX",
      "Segments": [
        0,
        -3.7,
        0,
        4,
        -3.7
      ]
    },
    {
      "Target": "Parameter",
      "Id": "ParamCameraScale",
      "Segments": [
        0,
        -30,
        0,
        4,
        -30
      ]
    },
    {
      "Target": "Parameter",
      "Id": "ParamCamera2Scale",
      "Segments": [
        0,
        -30,
        0,
        4,
        -30
      ]
    },
    {
      "Target": "Parameter",
      "Id": "ParamAngelZOffset",
      "Segments": [
        0,
        30,
        0,
        4,
        30
      ]
    },
    {
      "Target": "Parameter",
      "Id": "ParamEyeLSmile",
      "Segments": [
        0,
        0,
        0,
        4,
        0
      ]
    },
    {
      "Target": "Parameter",
      "Id": "ParamEyeRSmile",
      "Segments": [
        0,
        0,
        0,
        4,
        0
      ]
    },
    {
      "Target": "Parameter",
      "Id": "ParamUruUru",
      "Segments": [
        0,
        0,
        0,
        4,
        0
      ]
    },
    {
      "Target": "Parameter",
      "Id": "ParamEyeBallScale",
      "Segments": [
        0,
        0,
        0,
        4,
        0
      ]
    },
    {
      "Target": "Parameter",
      "Id": "ParamBrowLX",
      "Segments": [
        0,
        0,
        0,
        4,
        0
      ]
    },
    {
      "Target": "Parameter",
      "Id": "ParamBrowLY",
      "Segments": [
        0,
        0,
        0,
        4,
        0
      ]
    },
    {
      "Target": "Parameter",
      "Id": "ParamBrowRX",
      "Segments": [
        0,
        0,
        0,
        4,
        0
      ]
    },
    {
      "Target": "Parameter",
      "Id": "ParamBrowRY",
      "Segments": [
        0,
        0,
        0,
        4,
        0
      ]
    },
    {
      "Target": "Parameter",
      "Id": "ParamBrowLAngle",
      "Segments": [
        0,
        0,
        0,
        4,
        0
      ]
    },
    {
      "Target": "Parameter",
      "Id": "ParamBrowRAngle",
      "Segments": [
        0,
        0,
        0,
        4,
        0
      ]
    },
    {
      "Target": "Parameter",
      "Id": "ParamBrowLForm",
      "Segments": [
        0,
        0,
        0,
        4,
        0
      ]
    },
    {
      "Target": "Parameter",
      "Id": "ParamBrowRForm",
      "Segments": [
        0,
        0,
        0,
        4,
        0
      ]
    },
    {
      "Target": "Parameter",
      "Id": "ParamZBBYB",
      "Segments": [
        0,
        0,
        0,
        4,
        0
      ]
    },
    {
      "Target": "Parameter",
      "Id": "ParamTeethAlpha",
      "Segments": [
        0,
        0,
        0,
        4,
        0
      ]
    },
    {
      "Target": "Parameter",
      "Id": "ParamZBBYBKF",
      "Segments": [
        0,
        0,
        0,
        4,
        0
      ]
    },
    {
      "Target": "Parameter",
      "Id": "ParamTeethLightAlpha",
      "Segments": [
        0,
        0,
        0,
        4,
        0
      ]
    },
    {
      "Target": "Parameter",
      "Id": "ParamTeethLightAngel",
      "Segments": [
        0,
        0,
        0,
        4,
        0
      ]
    },
    {
      "Target": "Parameter",
      "Id": "ParamCheek",
      "Segments": [
        0,
        0,
        0,
        4,
        0
      ]
    },
    {
      "Target": "Parameter",
      "Id": "ParamChestRAtu",
      "Segments": [
        0,
        -10,
        0,
        4,
        -10
      ]
    },
    {
      "Target": "Parameter",
      "Id": "ParamBodyAngleX",
      "Segments": [
        0,
        0,
        0,
        4,
        0
      ]
    },
    {
      "Target": "Parameter",
      "Id": "ParamBodyAngleY",
      "Segments": [
        0,
        0,
        0,
        4,
        0
      ]
    },
    {
      "Target": "Parameter",
      "Id": "ParamBreath",
      "Segments": [
        0,
        0,
        0,
        4,
        0
      ]
    },
    {
      "Target": "Parameter",
      "Id": "ParamArmForeRLayer",
      "Segments": [
        0,
        0,
        0,
        4,
        0
      ]
    },
    {
      "Target": "Parameter",
      "Id": "ParamArmUpperRLength",
      "Segments": [
        0,
        0,
        0,
        4,
        0
      ]
    },
    {
      "Target": "Parameter",
      "Id": "ParamArmForeRLength",
      "Segments": [
        0,
        0,
        0,
        4,
        0
      ]
    },
    {
      "Target": "Parameter",
      "Id": "ParamArmForeRCoverAlpha",
      "Segments": [
        0,
        0,
        0,
        4,
        0
      ]
    },
    {
      "Target": "Parameter",
      "Id": "ParamHandRDefaultAlpha",
      "Segments": [
        0,
        1,
        0,
        4,
        1
      ]
    },
    {
      "Target": "Parameter",
      "Id": "ParamLirAlpha",
      "Segments": [
        0,
        0,
        0,
        4,
        0
      ]
    },
    {
      "Target": "Parameter",
      "Id": "ParamZoulrAlpha",
      "Segments": [
        0,
        0,
        0,
        4,
        0
      ]
    },
    {
      "Target": "Parameter",
      "Id": "ParamShoudaorAlpha",
      "Segments": [
        0,
        0,
        0,
        4,
        0
      ]
    },
    {
      "Target": "Parameter",
      "Id": "ParamArmForeLLayer",
      "Segments": [
        0,
        0,
        0,
        4,
        0
      ]
    },
    {
      "Target": "Parameter",
      "Id": "ParamArmUpperLLength",
      "Segments": [
        0,
        0,
        0,
        4,
        0
      ]
    },
    {
      "Target": "Parameter",
      "Id": "ParamArmForeLCoverAlpha",
      "Segments": [
        0,
        0,
        0,
        4,
        0
      ]
    },
    {
      "Target": "Parameter",
      "Id": "ParamHandLDefaultAlpha",
      "Segments": [
        0,
        1,
        0,
        4,
        1
      ]
    },
    {
      "Target": "Parameter",
      "Id": "ParamZoullAlpha",
      "Segments": [
        0,
        0,
        0,
        4,
        0
      ]
    },
    {
      "Target": "Parameter",
      "Id": "ParamChixiangjiLAlpha",
      "Segments": [
        0,
        0,
        0,
        4,
        0
      ]
    },
    {
      "Target": "Parameter",
      "Id": "ParamLirXmzWmz",
      "Segments": [
        0,
        10,
        0,
        4,
        10
      ]
    },
    {
      "Target": "Parameter",
      "Id": "ParamLirSzAngel",
      "Segments": [
        0,
        10,
        0,
        4,
        10
      ]
    },
    {
      "Target": "Parameter",
      "Id": "ParamLirDmzAngel",
      "Segments": [
        0,
        10,
        0,
        4,
        10
      ]
    },
    {
      "Target": "Parameter",
      "Id": "ParamLirSzZzAngel",
      "Segments": [
        0,
        10,
        0,
        4,
        10
      ]
    },
    {
      "Target": "Parameter",
      "Id": "ParamHairSide",
      "Segments": [
        0,
        0,
        0,
        4,
        0
      ]
    },
    {
      "Target": "Parameter",
      "Id": "ParamHairBack",
      "Segments": [
        0,
        0,
        0,
        4,
        0
      ]
    },
    {
      "Target": "PartOpacity",
      "Id": "PartMain",
      "Segments": [
        0,
        1,
        0,
        4,
        1
      ]
    },
    {
      "Target": "PartOpacity",
      "Id": "PartCameraLight",
      "Segments": [
        0,
        0,
        0,
        4,
        0
      ]
    },
    {
      "Target": "PartOpacity",
      "Id": "PartStar",
      "Segments": [
        0,
        0,
        0,
        4,
        0
      ]
    },
    {
      "Target": "PartOpacity",
      "Id": "PartYellowLight",
      "Segments": [
        0,
        0,
        0,
        4,
        0
      ]
    },
    {
      "Target": "PartOpacity",
      "Id": "PartFace",
      "Segments": [
        0,
        1,
        0,
        4,
        1
      ]
    },
    {
      "Target": "PartOpacity",
      "Id": "PartTeethLight",
      "Segments": [
        0,
        0,
        0,
        4,
        0
      ]
    },
    {
      "Target": "PartOpacity",
      "Id": "PartMouthKF",
      "Segments": [
        0,
        0,
        0,
        4,
        0
      ]
    },
    {
      "Target": "PartOpacity",
      "Id": "PartMouth",
      "Segments": [
        0,
        1,
        0,
        4,
        1
      ]
    },
    {
      "Target": "PartOpacity",
      "Id": "PartArmR",
      "Segments": [
        0,
        1,
        0,
        4,
        1
      ]
    },
    {
      "Target": "PartOpacity",
      "Id": "PartArmForeLayer",
      "Segments": [
        0,
        1,
        0,
        4,
        1
      ]
    },
    {
      "Target": "PartOpacity",
      "Id": "PartHandRDiyao",
      "Segments": [
        0,
        0,
        0,
        4,
        0
      ]
    },
    {
      "Target": "PartOpacity",
      "Id": "PartHandRXiachui",
      "Segments": [
        0,
        0,
        0,
        4,
        0
      ]
    },
    {
      "Target": "PartOpacity",
      "Id": "PartHandRGualian",
      "Segments": [
        0,
        0,
        0,
        4,
        0
      ]
    },
    {
      "Target": "PartOpacity",
      "Id": "PartHandNaxin",
      "Segments": [
        0,
        0,
        0,
        4,
        0
      ]
    },
    {
      "Target": "PartOpacity",
      "Id": "PartHandRZhanshi",
      "Segments": [
        0,
        0,
        0,
        4,
        0
      ]
    },
    {
      "Target": "PartOpacity",
      "Id": "PartHandRBao",
      "Segments": [
        0,
        0,
        0,
        4,
        0
      ]
    },
    {
      "Target": "PartOpacity",
      "Id": "PartHandRWoquan",
      "Segments": [
        0,
        0,
        0,
        4,
        0
      ]
    },
    {
      "Target": "PartOpacity",
      "Id": "PartHandRYaoqing",
      "Segments": [
        0,
        0,
        0,
        4,
        0
      ]
    },
    {
      "Target": "PartOpacity",
      "Id": "PartHandRShoudao",
      "Segments": [
        0,
        0,
        0,
        4,
        0
      ]
    },
    {
      "Target": "PartOpacity",
      "Id": "PartHandRJXJ",
      "Segments": [
        0,
        0,
        0,
        4,
        0
      ]
    },
    {
      "Target": "PartOpacity",
      "Id": "PartHandRZoulu",
      "Segments": [
        0,
        0,
        0,
        4,
        0
      ]
    },
    {
      "Target": "PartOpacity",
      "Id": "PartHandRXingli",
      "Segments": [
        0,
        0,
        0,
        4,
        0
      ]
    },
    {
      "Target": "PartOpacity",
      "Id": "PartHandRDefaultWk",
      "Segments": [
        0,
        0,
        0,
        4,
        0
      ]
    },
    {
      "Target": "PartOpacity",
      "Id": "PartHandRDefault",
      "Segments": [
        0,
        1,
        0,
        4,
        1
      ]
    },
    {
      "Target": "PartOpacity",
      "Id": "PartNeck",
      "Segments": [
        0,
        1,
        0,
        4,
        1
      ]
    },
    {
      "Target": "PartOpacity",
      "Id": "PartBodyUpper",
      "Segments": [
        0,
        1,
        0,
        4,
        1
      ]
    },
    {
      "Target": "PartOpacity",
      "Id": "PartBodyLower",
      "Segments": [
        0,
        1,
        0,
        4,
        1
      ]
    },
    {
      "Target": "PartOpacity",
      "Id": "PartArmL",
      "Segments": [
        0,
        1,
        0,
        4,
        1
      ]
    },
    {
      "Target": "PartOpacity",
      "Id": "PartArmForeLLayer",
      "Segments": [
        0,
        1,
        0,
        4,
        1
      ]
    },
    {
      "Target": "PartOpacity",
      "Id": "PartHandLJXJ",
      "Segments": [
        0,
        0,
        0,
        4,
        0
      ]
    },
    {
      "Target": "PartOpacity",
      "Id": "PartHandLZoulu2",
      "Segments": [
        0,
        0,
        0,
        4,
        0
      ]
    },
    {
      "Target": "PartOpacity",
      "Id": "PartHandLZoulu",
      "Segments": [
        0,
        0,
        0,
        4,
        0
      ]
    },
    {
      "Target": "PartOpacity",
      "Id": "PartHandLDefault",
      "Segments": [
        0,
        1,
        0,
        4,
        1
      ]
    },
    {
      "Target": "PartOpacity",
      "Id": "PartLegR",
      "Segments": [
        0,
        1,
        0,
        4,
        1
      ]
    },
    {
      "Target": "PartOpacity",
      "Id": "PartLegL",
      "Segments": [
        0,
        1,
        0,
        4,
        1
      ]
    }
  ],
  "UserData": [
    {
      "Time": 3.5,
      "Value": ""
    }
  ]
}