{
  "Version": 3,
  "FileReferences": {
    "Moc": "banrenma_2.moc3",
    "Textures": [
      "textures/texture_00.png"
    ],
    "Physics": "banrenma_2.physics3.json",
    "Motions": {
      "": [
        {
          "File": "motions/complete.motion3.json"
        },
        {
          "File": "motions/home.motion3.json"
        },
        {
          "File": "motions/idle.motion3.json"
        },
        {
          "File": "motions/login.motion3.json"
        },
        {
          "File": "motions/mail.motion3.json"
        },
        {
          "File": "motions/main_1.motion3.json"
        },
        {
          "File": "motions/main_2.motion3.json"
        },
        {
          "File": "motions/main_3.motion3.json"
        },
        {
          "File": "motions/mission_complete.motion3.json"
        },
        {
          "File": "motions/mission.motion3.json"
        },
        {
          "File": "motions/touch_body.motion3.json"
        },
        {
          "File": "motions/touch_head.motion3.json"
        },
        {
          "File": "motions/touch_special.motion3.json"
        },
        {
          "File": "motions/wedding.motion3.json"
        }
      ]
    }
  },
  "Groups": [
    {
      "Target": "Parameter",
      "Name": "LipSync",
      "Ids": [
        "ParamMouthOpenY"
      ]
    }
  ]
}